,Model_nodos,NCBI_Product_accesion,Astyanax_ortologos,ID
0,ABCA1,XP_006537619.1,"[('KAG9260005.1', 'ABCA1'), ('KAG9281151.1', 'ABCA1')]",1
1,ABCB11,NP_066302.2,"[('KAG9266695.1', 'ABCB11')]",2
2,ABCB1A,NP_035206.2,"[('KAG9283635.1', 'ABCB1')]",3
3,ABCB1B,NP_035205.1,"[('KAG9283635.1', 'ABCB1')]",4
4,ABCB4,NP_032856.2,"[('KAG9283635.1', 'ABCB1')]",5
5,ABCC2,NP_038834.2,"[('KAG9260121.1', 'ABCC2')]",6
6,ABCG2,NP_001342406.1,"[('KAG9269220.1', 'ABCG2'), ('KAG9275618.1', 'ABCG2')]",7
7,ABHD14A,XP_006511866.1,"[('KAG9260692.1', 'ABHD14A')]",8
8,ABL2,NP_033725.2,"[('KAG9270845.1', 'ABL2')]",9
9,ACACB,NP_001390456.1,"[('KAG9261557.1', 'ACACB')]",10
10,ACADM,NP_031408.1,"[('KAG9264719.1', 'ACADM')]",11
11,ACHE,NP_033729.1,"[('KAG9274266.1', 'ACHE')]",12
12,ACMSD,NP_001028213.1,"[('KAG9271253.1', 'ACMSD')]",13
13,ACP5,NP_001095874.1,"[('KAG9277353.1', 'ACP5')]",14
14,ACSBG1,NP_444408.1,"[('KAG9281005.1', 'ACSBG1')]",15
15,ACSL4,XP_030107239.1,"[('KAG9272539.1', 'ACSL4')]",16
16,ACSS2,NP_062785.2,"[('KAG9269312.1', 'ACSS2')]",17
17,ACTA1,NP_033736.1,"[('KAG9262281.1', 'ACTBA'), ('KAG9272000.1', 'ACTC1'), ('KAG9272884.1', 'ACTC1'), ('KAG9279940.1', 'ACTBB')]",18
18,ACTA2,NP_031418.1,"[('KAG9262281.1', 'ACTBA'), ('KAG9272000.1', 'ACTC1'), ('KAG9272884.1', 'ACTC1'), ('KAG9279940.1', 'ACTBB')]",19
19,ACTC1,NP_033738.1,"[('KAG9262281.1', 'ACTBA'), ('KAG9272000.1', 'ACTC1'), ('KAG9272884.1', 'ACTC1'), ('KAG9279940.1', 'ACTBB')]",20
20,ACTG2,NP_033740.2,"[('KAG9262281.1', 'ACTBA'), ('KAG9272000.1', 'ACTC1'), ('KAG9272884.1', 'ACTC1'), ('KAG9279940.1', 'ACTBB')]",21
21,ADAM12,NP_031426.2,"[('KAG9267464.1', 'ADAM12')]",22
22,ADAM8,NP_001277995.1,"[('KAG9275447.1', 'ADAM8')]",23
23,ADCYAP1R1,XP_006505451.1,"[('KAG9277304.1', 'ADCYAP1R1')]",24
24,ADD1,NP_001318011.1,"[('KAG9266359.1', 'ADD1')]",25
25,ADD2,NP_038486.2,"[('KAG9262059.1', 'ADD2')]",26
26,ADIPOR1,NP_082596.2,"[('KAG9260470.1', 'ADIPOR1'), ('KAG9270871.1', 'ADIPOR1')]",27
27,ADORA2A,NP_001318025.1,"[('KAG9266218.1', 'ADORA2A')]",28
28,ADRA2B,NP_033763.3,"[('KAG9270485.1', 'ADRA2B')]",29
29,AEBP2,NP_033767.2,"[('KAG9280549.1', 'AEBP2')]",30
30,AGRP,NP_001258735.1,"[('KAG9260902.1', 'AGRP')]",31
31,AGT,NP_031454.4,"[('KAG9275581.1', 'AGT')]",32
32,AICDA,NP_033775.1,"[('KAG9276012.1', 'AICDA')]",33
33,AIRE,NP_001258484.1,"[('KAG9264757.1', 'AIRE')]",34
34,AKAP12,NP_112462.1,"[('KAG9283009.1', 'AKAP12')]",35
35,AKIP1,NP_065641.1,"[('KAG9273137.1', 'AKIP1')]",36
36,AKR1B7,NP_033861.2,"[('KAG9280149.1', 'AKR1B1')]",37
37,AKR1B8,NP_032038.1,"[('KAG9280149.1', 'AKR1B1')]",38
38,ALOX5,NP_033792.1,"[('KAG9275247.1', 'ALOX5')]",39
39,ALPL,XP_017175413.1,"[('KAG9260765.1', 'KAG9260765.1')]",40
40,ALX1,NP_001408403.1,"[('KAG9273122.1', 'ALX1')]",41
41,ALX3,NP_031467.1,"[('KAG9270769.1', 'ALX3')]",42
42,ALX4,NP_031468.1,"[('KAG9267165.1', 'ALX4')]",43
43,ANGPT2,NP_031452.2,"[('KAG9274843.1', 'ANGPT2')]",44
44,ANGPTL2,NP_036053.2,"[('KAG9270287.1', 'ANGPTL2'), ('KAG9281924.1', 'ANGPTL2')]",45
45,ANKRD1,NP_038496.2,"[('KAG9268373.1', 'ANKRD1')]",46
46,ANPEP,XP_036008613.1,"[('KAG9266984.1', 'ANPEP'), ('KAG9266986.1', 'ANPEP'), ('KAG9272063.1', 'ANPEP')]",47
47,APAF1,XP_036011453.1,"[('KAG9280671.1', 'APAF1')]",48
48,APBB1,NP_001398887.1,"[('KAG9263534.1', 'APBB1')]",49
49,ARID3A,NP_001275554.1,"[('KAG9266755.1', 'ARID3A')]",50
50,ARID3B,NP_001366282.1,"[('KAG9273420.1', 'ARID3B'), ('KAG9280931.1', 'ARID3B')]",51
51,ARID5B,NP_076087.2,"[('KAG9267610.1', 'ARID5B')]",52
52,ARL6IP5,NP_075368.1,"[('KAG9269870.1', 'ARL6IP5')]",53
53,ART1,XP_036008500.1,"[('KAG9275664.1', 'AT2')]",54
54,ARX,NP_031518.2,"[('KAG9283403.1', 'ARX')]",55
55,ASAH1,XP_017168016.1,"[('KAG9259665.1', 'ASAH1')]",56
56,ASCL1,NP_032579.2,"[('KAG9280174.1', 'KAG9280174.1')]",57
57,ASH1L,XP_030108328.1,"[('KAG9279390.1', 'ASH1L')]",58
58,ASXL1,NP_001035028.1,"[('KAG9269706.1', 'ASXL1')]",59
59,ATF3,NP_031524.2,"[('KAG9282578.1', 'ATF3')]",60
60,ATF6,XP_011237098.1,"[('KAG9282605.1', 'ATF6')]",61
61,ATM,NP_031525.3,"[('KAG9278580.1', 'ATM')]",62
62,ATP11C,NP_001001798.1,"[('KAG9272671.1', 'ATP11C')]",63
63,ATP1A1,NP_659149.1,"[('KAG9262149.1', 'ATP1A1'), ('KAG9262153.1', 'ATP1A1'), ('KAG9271125.1', 'ATP1A1')]",64
64,ATP1B1,NP_033851.1,"[('KAG9262117.1', 'ATNB233'), ('KAG9277728.1', 'ATNB233')]",65
65,ATP2A2,NP_033852.1,"[('KAG9266333.1', 'ATP2A2'), ('KAG9269997.1', 'ATP2A2')]",66
66,ATP6V1E1,NP_031536.2,"[('KAG9280568.1', 'ATP6V1E1')]",67
67,ATP9A,NP_001276375.1,"[('KAG9269119.1', 'ATP9A')]",68
68,AUTS2,NP_001350409.1,"[('KAG9265383.1', 'AUTS2')]",69
69,AVP,NP_033862.1,"[('KAG9270647.1', 'KAG9270647.1')]",70
70,B3GAT1,NP_001297695.1,"[('KAG9272812.1', 'B3GAT1')]",71
71,B4GALNT1,NP_082015.2,"[('KAG9277207.1', 'B4GALNT1')]",72
72,BACE1,NP_035922.4,"[('KAG9278558.1', 'BACE1')]",73
73,BACH2,XP_030108969.1,"[('KAG9282415.1', 'BACH2')]",74
74,BANP,XP_017168388.1,"[('KAG9281104.1', 'BANP')]",75
75,BARHL1,NP_001342363.1,"[('KAG9261922.1', 'BARHL1'), ('KAG9266289.1', 'BARHL1')]",76
76,BARX2,NP_038828.2,"[('KAG9273358.1', 'BARX2')]",77
77,BCAT1,NP_031558.3,"[('KAG9264083.1', 'BCAT1'), ('KAG9280165.1', 'BCAT1')]",78
78,BCL2,NP_033871.2,"[('KAG9273651.1', 'BCL2'), ('KAG9283483.1', 'BCL2')]",79
79,BCL2L11,XP_006498677.1,"[('KAG9275008.1', 'BCL2L11')]",80
80,BCL3,XP_006539550.1,"[('KAG9276480.1', 'KAG9276480.1')]",81
81,BCL9L,NP_001408236.1,"[('KAG9273313.1', 'BCL9L')]",82
82,BCR,NP_001074881.1,"[('KAG9266329.1', 'BCR')]",83
83,BHLHE23,NP_542372.2,"[('KAG9269537.1', 'BHLHE23')]",84
84,BHLHE40,NP_035628.1,"[('KAG9260657.1', 'BHLHE40')]",85
85,BHLHE41,NP_077789.1,"[('KAG9273118.1', 'BHLHE41')]",86
86,BIRC3,XP_006509892.1,"[('KAG9265614.1', 'ITA')]",87
87,BLNK,NP_001351983.1,"[('KAG9275510.1', 'BLNK')]",88
88,BMI1,NP_001403843.1,"[('KAG9278458.1', 'BMI1B'), ('KAG9283273.1', 'BMI1A')]",89
89,BMP2,NP_031579.2,"[('KAG9268738.1', 'BMP2')]",90
90,BMP5,NP_031581.2,"[('KAG9275049.1', 'BMP5')]",91
91,BMP7,NP_031583.2,"[('KAG9269286.1', 'BMP7')]",92
92,BMPR1B,NP_001341972.1,"[('KAG9263056.1', 'BMPR1B')]",93
93,BMPR2,NP_031587.1,"[('KAG9277625.1', 'BMPR2')]",94
94,BNIP3,NP_033890.1,"[('KAG9267448.1', 'BNIP3')]",95
95,BRINP1,NP_064351.2,"[('KAG9281606.1', 'BRINP1')]",96
96,BSG,NP_033898.1,"[('KAG9266658.1', 'BSG')]",97
97,BSX,XP_036010875.1,"[('KAG9263610.1', 'KAG9263610.1')]",98
98,BTG2,NP_031596.1,"[('KAG9260740.1', 'BTG1')]",99
99,BTK,NP_038510.2,"[('KAG9272766.1', 'BTK')]",100
100,BUB3,NP_033904.2,"[('KAG9267513.1', 'BUB3')]",101
101,CACNA1C,XP_006505506.1,"[('KAG9280144.1', 'CACNA1C')]",102
102,CAD,NP_001390328.1,"[('KAG9282555.1', 'CAD')]",103
103,CADM1,NP_001297770.1,"[('KAG9265405.1', 'CADM1')]",104
104,CALCRL,XP_036018296.1,"[('KAG9277611.1', 'CALCRLA'), ('KAG9279791.1', 'CALCRL')]",105
105,CALR,NP_031617.1,"[('KAG9270863.1', 'CALR')]",106
106,CAPN2,NP_033924.2,"[('KAG9261129.1', 'CAPN2'), ('KAG9274812.1', 'CAPN2')]",107
107,CAR1,NP_033929.2,"[('KAG9275944.1', 'CA1'), ('KAG9278406.1', 'CAHZ'), ('KAG9278407.1', 'CAHZ')]",108
108,CASP12,NP_033938.3,"[('KAG9259534.1', 'CASPA'), ('KAG9274344.1', 'CASPA')]",109
109,CASP3,XP_017168032.1,"[('KAG9259687.1', 'CASP3'), ('KAG9272585.1', 'CASP3')]",110
110,CASP6,NP_033941.3,"[('KAG9275740.1', 'CASP6')]",111
111,CASP7,XP_006526679.3,"[('KAG9267896.1', 'CASP7')]",112
112,CASP8,NP_001073595.1,"[('KAG9277633.1', 'CASP8')]",113
113,CASZ1,XP_006539220.1,"[('KAG9269729.1', 'KAG9269729.1')]",114
114,CAT,NP_033934.2,"[('KAG9280725.1', 'CAT')]",115
115,CAV1,NP_001396487.1,"[('KAG9272138.1', 'CAV1')]",116
116,CAV3,NP_031643.1,"[('KAG9277110.1', 'CAV3')]",117
117,CCK,NP_112438.1,"[('KAG9263824.1', 'CCK'), ('KAG9276531.1', 'CCK')]",118
118,CCL19,NP_036018.1,"[('KAG9261977.1', 'CCL19')]",119
119,CCL20,NP_058656.1,"[('KAG9273787.1', 'CCL20')]",120
120,CCL22,NP_033163.1,"[('KAG9282566.1', 'K4')]",121
121,CCNA2,NP_033958.2,"[('KAG9272231.1', 'CCNA2')]",122
122,CCNB2,NP_031656.2,"[('KAG9261285.1', 'CCNB2')]",123
123,CCND1,NP_031657.1,"[('KAG9267104.1', 'CCND1')]",124
124,CCND2,XP_036021678.1,"[('KAG9271954.1', 'CCND2')]",125
125,CCNE1,NP_031659.2,"[('KAG9261199.1', 'CCNE1')]",126
126,CCNG2,NP_031661.3,"[('KAG9266044.1', 'CCNG2')]",127
127,CCR2,XP_036010478.1,"[('KAG9276167.1', 'CCR4')]",128
128,CCR9,NP_001160097.1,"[('KAG9273882.1', 'CCR9')]",129
129,CD36,XP_030109948.1,"[('KAG9280477.1', 'CD36')]",130
130,CD38,NP_031672.2,"[('KAG9283530.1', 'CD38')]",131
131,CD40,NP_035741.2,"[('KAG9270932.1', 'CD40')]",132
132,CDC25A,NP_001397314.1,"[('KAG9275203.1', 'CDC25A')]",133
133,CDC73,NP_666103.1,"[('KAG9273634.1', 'CDC73')]",134
134,CDCA7,NP_080142.1,"[('KAG9271459.1', 'CDCA7')]",135
135,CDH11,NP_033996.4,"[('KAG9261214.1', 'CDH11')]",136
136,CDH15,NP_031688.2,"[('KAG9261259.1', 'CDH15')]",137
137,CDH17,XP_006537646.1,"[('KAG9283600.1', 'CDH17')]",138
138,CDH5,NP_033998.2,"[('KAG9261212.1', 'CDH5')]",139
139,CDK1,NP_031685.2,"[('KAG9268240.1', 'CDK1')]",140
140,CDK2,NP_058036.1,"[('KAG9260368.1', 'CDK2')]",141
141,CDK4,NP_034000.1,"[('KAG9260434.1', 'CDK4')]",142
142,CDK5R2,NP_034002.2,"[('KAG9277651.1', 'CDK5R1')]",143
143,CDK6,NP_034003.1,"[('KAG9279787.1', 'CDK6')]",144
144,CDK9,NP_570930.1,"[('KAG9266031.1', 'CDK9')]",145
145,CDKN1B,NP_034005.2,"[('KAG9280827.1', 'CDKN1B')]",146
146,CDKN2B,NP_031696.1,"[('KAG9275760.1', 'CDKN2B')]",147
147,CDKN2D,NP_001396593.1,"[('KAG9277502.1', 'CDKN2D')]",148
148,CDON,NP_067314.2,"[('KAG9273311.1', 'CDON')]",149
149,CDX4,NP_031700.1,"[('KAG9272683.1', 'CDX4')]",150
150,CEBPA,NP_001274443.1,"[('KAG9260932.1', 'CEBPA')]",151
151,CEBPG,NP_034014.1,"[('KAG9260933.1', 'CEBPG')]",152
152,CES2C,NP_663578.1,"[('KAG9273149.1', 'KAG9273149.1')]",153
153,CETN2,NP_062278.2,"[('KAG9281169.1', 'CETN1')]",154
154,CFLAR,XP_030100848.1,"[('KAG9271806.1', 'CFLAR')]",155
155,CFTR,NP_066388.1,"[('KAG9273217.1', 'CFTR')]",156
156,CGA,XP_006537649.1,"[('KAG9268757.1', 'CGA')]",157
157,CH25H,NP_034020.1,"[('KAG9267710.1', 'CH25H')]",158
158,CHD4,NP_001390521.1,"[('KAG9276304.1', 'CHD4')]",159
159,CHD7,NP_001264078.1,"[('KAG9264732.1', 'CHD7')]",160
160,CHEK1,NP_001397136.1,"[('KAG9265594.1', 'CHEK1')]",161
161,CHRNA7,NP_031416.3,"[('KAG9267084.1', 'CHRNA7'), ('KAG9280846.1', 'CHRNA7')]",162
162,CHST11,NP_067414.2,"[('KAG9280219.1', 'CHST11')]",163
163,CIDEC,NP_001359193.1,"[('KAG9277097.1', 'CIDEC')]",164
164,CISH,NP_034025.1,"[('KAG9260568.1', 'CISH'), ('KAG9277115.1', 'CISH')]",165
165,CITED2,XP_036011557.1,"[('KAG9278898.1', 'CITED3')]",166
166,CKM,NP_031736.1,"[('KAG9265157.1', 'CKM'), ('KAG9275271.1', 'CKB'), ('KAG9282155.1', 'CKM'), ('KAG9282811.1', 'CKB')]",167
167,CKS1B,NP_058600.1,"[('KAG9279369.1', 'CKS1B')]",168
168,CLDN11,NP_032796.1,"[('KAG9264711.1', 'CLDN11'), ('KAG9283450.1', 'CLDN11')]",169
169,CLDN19,NP_001033679.1,"[('KAG9260266.1', 'CLDN19')]",170
170,CLDN3,NP_034032.1,"[('KAG9264103.1', 'CLDN4')]",171
171,CLDN4,NP_034033.1,"[('KAG9264103.1', 'CLDN4')]",172
172,CLOCK,XP_017176140.1,"[('KAG9282177.1', 'CLOCK')]",173
173,CNR1,NP_001341950.1,"[('KAG9282446.1', 'CNR1A')]",174
174,COL11A1,NP_031755.2,"[('KAG9276794.1', 'COL11A1'), ('KAG9278882.1', 'COL11A1')]",175
175,COMP,NP_057894.2,"[('KAG9266766.1', 'THBS4')]",176
176,COX4I1,NP_034071.2,"[('KAG9272942.1', 'KAG9272942.1')]",177
177,COX6A1,NP_031774.2,"[('KAG9270571.1', 'KAG9270571.1')]",178
178,CR2,NP_031784.1,"[('KAG9269252.1', 'CSMD3')]",179
179,CRABP1,NP_038524.1,"[('KAG9280708.1', 'CRABP1')]",180
180,CRABP2,NP_031785.1,"[('KAG9275779.1', 'CRABP2')]",181
181,CREB1,NP_034082.1,"[('KAG9262523.1', 'CREB1'), ('KAG9271194.1', 'CREB1')]",182
182,CREB3L1,NP_036087.2,"[('KAG9260985.1', 'CREB3L1')]",183
183,CREB3L3,NP_001369747.1,"[('KAG9266874.1', 'CREB3L3B')]",184
184,CREB3L4,XP_006502373.5,"[('KAG9276291.1', 'CREB3L4')]",185
185,CRH,NP_991338.1,"[('KAG9278249.1', 'CRF1')]",186
186,CRP,NP_031794.3,"[('KAG9276808.1', 'PXN1')]",187
187,CRTC2,NP_083157.1,"[('KAG9276670.1', 'CRTC2')]",188
188,CRY1,NP_031797.1,"[('KAG9280281.1', 'CRY1')]",189
189,CRY2,XP_017170770.1,"[('KAG9272004.1', 'CRY2')]",190
190,CRYAB,XP_030099896.1,"[('KAG9281994.1', 'CRYAB')]",191
191,CSF3R,NP_031808.2,"[('KAG9276441.1', 'CSF3R')]",192
192,CSL,NP_082221.2,"[('KAG9269146.1', 'CS')]",193
193,CSRP2,NP_031818.3,"[('KAG9280511.1', 'CSRP2')]",194
194,CTCF,XP_006530709.1,"[('KAG9273247.1', 'CTCF')]",195
195,CTLA4,NP_033973.2,"[('KAG9271562.1', 'CD28')]",196
196,CTNNB1,NP_001159374.1,"[('KAG9263822.1', 'CTNNB1'), ('KAG9276534.1', 'CTNNB1')]",197
197,CTR9,NP_033457.2,"[('KAG9267133.1', 'KAG9267133.1')]",198
198,CTSE,NP_031825.2,"[('KAG9280375.1', 'CTSE')]",199
199,CTSK,NP_031828.2,"[('KAG9276598.1', 'CTSK')]",200
200,CUX2,NP_001402709.1,"[('KAG9270618.1', 'CUX2')]",201
201,CXCL10,NP_067249.1,"[('KAG9261722.1', 'CXCL11.6')]",202
202,CXCL12,NP_038683.1,"[('KAG9275342.1', 'CXCL12')]",203
203,CXCL2,NP_033166.1,"[('KAG9259640.1', 'CXCL8')]",204
204,CXCR2,XP_006495701.1,"[('KAG9271812.1', 'CXCR1')]",205
205,CXCR5,NP_031577.2,"[('KAG9273314.1', 'CXCR5')]",206
206,CYP11A1,NP_062753.3,"[('KAG9281025.1', 'CYP11A1')]",207
207,CYP17A1,NP_031835.3,"[('KAG9275388.1', 'CYP17A1')]",208
208,CYP19A1,NP_001335101.1,"[('KAG9273473.1', 'CYP19A1')]",209
209,CYP1A1,NP_001129531.1,"[('KAG9273424.1', 'CYP1A1'), ('KAG9273425.1', 'CYP1A1')]",210
210,CYP24A1,NP_034126.1,"[('KAG9276948.1', 'CYP24A1')]",211
211,CYP26A1,NP_031837.2,"[('KAG9267616.1', 'CYP26A1')]",212
212,CYP26B1,XP_030111198.1,"[('KAG9274282.1', 'CYP26B1')]",213
213,CYP27A1,NP_077226.2,"[('KAG9271146.1', 'CYP27A1'), ('KAG9271618.1', 'CYP27A1'), ('KAG9271619.1', 'CYP27A1')]",214
214,CYP2A4,NP_034127.2,"[('KAG9278554.1', 'CYP2G1')]",215
215,CYP2A5,NP_031838.2,"[('KAG9278554.1', 'CYP2G1')]",216
216,CYP2B10,NP_034129.1,"[('KAG9278554.1', 'CYP2G1')]",217
217,CYP2C29,NP_031841.3,"[('KAG9278554.1', 'CYP2G1')]",218
218,CYP3A11,NP_031844.1,"[('KAG9262887.1', 'CYP3A30')]",219
219,CYP7A1,NP_031850.2,"[('KAG9264736.1', 'CYP7A1')]",220
220,CYP7B1,NP_031851.3,"[('KAG9278243.1', 'CYP7B1')]",221
221,CYP8B1,NP_034142.3,"[('KAG9274772.1', 'CYP8B1')]",222
222,DACH2,XP_030107383.1,"[('KAG9265489.1', 'KAG9265489.1')]",223
223,DBH,NP_620392.2,"[('KAG9263268.1', 'DBH')]",224
224,DBI,NP_031856.1,"[('KAG9271527.1', 'DBI')]",225
225,DCK,NP_031858.1,"[('KAG9266035.1', 'DCK')]",226
226,DCST1,NP_084250.1,"[('KAG9276649.1', 'DCST1')]",227
227,DCST2,XP_011238650.1,"[('KAG9276648.1', 'DCST2')]",228
228,DCTN2,NP_001177383.1,"[('KAG9276977.1', 'DCTN2')]",229
229,DCTN6,NP_035852.1,"[('KAG9259610.1', 'DCTN6')]",230
230,DCX,NP_001396939.1,"[('KAG9281556.1', 'DCX')]",231
231,DDIT4,NP_083359.1,"[('KAG9267988.1', 'DDIT4')]",232
232,DDR2,XP_036018652.1,"[('KAG9277271.1', 'DDR2')]",233
233,DDX54,NP_082317.1,"[('KAG9281887.1', 'DDX54')]",234
234,DES,NP_034173.1,"[('KAG9277654.1', 'DES')]",235
235,DIDO1,XP_006500671.1,"[('KAG9260572.1', 'DIDO1')]",236
236,DKK1,NP_034181.2,"[('KAG9267310.1', 'DKK1')]",237
237,DKK3,NP_001347186.1,"[('KAG9267121.1', 'DKK3')]",238
238,DLC1,NP_001181869.1,"[('KAG9259675.1', 'DLC1')]",239
239,DLL3,NP_031892.2,"[('KAG9265143.1', 'DLC')]",240
240,DLL4,NP_062327.2,"[('KAG9282989.1', 'DLL4')]",241
241,DLX1,NP_001403914.1,"[('KAG9271451.1', 'DLX1A')]",242
242,DLX2,NP_034184.1,"[('KAG9271450.1', 'DLX2A')]",243
243,DLX5,NP_034186.2,"[('KAG9279805.1', 'DLX5A')]",244
244,DLX6,NP_034187.1,"[('KAG9279804.1', 'DLX6A')]",245
245,DMAP1,NP_075667.1,"[('KAG9270121.1', 'DMAP1')]",246
246,DMBX1,XP_017175446.1,"[('KAG9277828.1', 'DMBX1B'), ('KAG9278841.1', 'DMBX1A')]",247
247,DMD,XP_006527831.1,"[('KAG9262123.1', 'DMD')]",248
248,DMRT1,NP_056641.2,"[('KAG9261729.1', 'DMRT1')]",249
249,DMRT2,NP_665830.1,"[('KAG9261731.1', 'DMRT2')]",250
250,DMRT3,NP_796334.2,"[('KAG9261730.1', 'DMRT3A')]",251
251,DNAJC2,NP_033610.1,"[('KAG9280690.1', 'KAG9280690.1')]",252
252,DNASE2A,NP_034192.1,"[('KAG9283693.1', 'DNASE2')]",253
253,DNM1,XP_006497717.2,"[('KAG9261911.1', 'DNM1')]",254
254,DNMT1,NP_034196.5,"[('KAG9278979.1', 'DNMT1')]",255
255,DNMT3B,XP_006498745.1,"[('KAG9269527.1', 'DNMT3B')]",256
256,DNTT,NP_033371.2,"[('KAG9275509.1', 'DNTT')]",257
257,DOT1L,NP_955354.1,"[('KAG9266836.1', 'DOT1L')]",258
258,DPAGT1,XP_006510054.1,"[('KAG9281755.1', 'DPAGT1')]",259
259,DR1,NP_080382.2,"[('KAG9277792.1', 'DR1')]",260
260,DRD2,NP_034207.2,"[('KAG9265437.1', 'D215'), ('KAG9282010.1', 'D215')]",261
261,DTX1,NP_001404403.1,"[('KAG9270272.1', 'DTX1')]",262
262,DUSP2,NP_034220.2,"[('KAG9270486.1', 'DUSP2')]",263
263,DUSP4,NP_795907.1,"[('KAG9265526.1', 'DUSP4')]",264
264,DUSP6,NP_080544.1,"[('KAG9272129.1', 'DUSP6')]",265
265,E2F2,NP_808401.1,"[('KAG9268364.1', 'E2F2')]",266
266,E2F4,NP_683754.1,"[('KAG9272113.1', 'E2F4')]",267
267,E2F5,NP_031918.2,"[('KAG9273987.1', 'E2F5')]",268
268,E2F8,NP_001347741.1,"[('KAG9266401.1', 'E2F8')]",269
269,EBNA1BP2,NP_081208.1,"[('KAG9273685.1', 'EBNA1BP2')]",270
270,ECE1,NP_001356106.1,"[('KAG9260766.1', 'ECE1')]",271
271,EDEM1,NP_619618.1,"[('KAG9276887.1', 'EDEM1')]",272
272,EED,NP_068676.1,"[('KAG9262349.1', 'EED')]",273
273,EFNA1,NP_034237.3,"[('KAG9275881.1', 'EFNA1'), ('KAG9279372.1', 'EFNA1')]",274
274,EGF,XP_006501053.1,"[('KAG9272341.1', 'EGF')]",275
275,EGR2,XP_030100730.1,"[('KAG9267612.1', 'EGR2B')]",276
276,EHF,XP_006498758.1,"[('KAG9281081.1', 'EHF')]",277
277,EHMT1,XP_036018609.1,"[('KAG9266240.1', 'EHMT1')]",278
278,EI24,NP_001186423.2,"[('KAG9263122.1', 'KAG9263122.1')]",279
279,EIF4E,XP_006501056.1,"[('KAG9272320.1', 'EIF4E1A'), ('KAG9275180.1', 'EIF4E1A')]",280
280,EIF4G3,XP_006538839.1,"[('KAG9269653.1', 'EIF4G3')]",281
281,ELF3,NP_031947.1,"[('KAG9260735.1', 'ELF3')]",282
282,ELF4,NP_001368805.1,"[('KAG9272756.1', 'ELF4')]",283
283,ELK1,NP_031948.4,"[('KAG9270037.1', 'ELK1')]",284
284,ELOVL5,XP_030100414.1,"[('KAG9275038.1', 'ELOVL5')]",285
285,EMX2,NP_034262.2,"[('KAG9274868.1', 'EMX2')]",286
286,EN1,NP_034263.2,"[('KAG9262302.1', 'EN1')]",287
287,EN2,NP_034264.1,"[('KAG9278400.1', 'ENG2B')]",288
288,ENO1,NP_001366056.1,"[('KAG9269661.1', 'ENO1'), ('KAG9277156.1', 'ENO1')]",289
289,ENPP1,NP_032839.3,"[('KAG9261050.1', 'ENPP1')]",290
290,ENTPD1,NP_001291650.1,"[('KAG9267881.1', 'ENTPD1')]",291
291,EOMES,NP_034266.2,"[('KAG9281371.1', 'EOMES')]",292
292,EPHA2,NP_034269.2,"[('KAG9269684.1', 'EPHA2')]",293
293,EPHA4,NP_031962.2,"[('KAG9273788.1', 'EPHA4-A')]",294
294,EPHB2,XP_030109051.1,"[('KAG9260155.1', 'EPHB2'), ('KAG9269650.1', 'EPHB2')]",295
295,EPO,NP_001299804.1,"[('KAG9274523.1', 'EPO')]",296
296,EPOR,NP_034279.3,"[('KAG9264523.1', 'EPOR')]",297
297,ERF,NP_034285.3,"[('KAG9279337.1', 'ERF')]",298
298,ESR1,XP_006512496.1,"[('KAG9283012.1', 'ESR1')]",299
299,ESRRG,XP_030110282.1,"[('KAG9268335.1', 'ESRRG')]",300
300,ETS1,NP_001359463.1,"[('KAG9273355.1', 'ETS1')]",301
301,ETV6,NP_031987.3,"[('KAG9280587.1', 'ETV6')]",302
302,EYA2,NP_034295.1,"[('KAG9276949.1', 'KAG9276949.1')]",303
303,F3,NP_034301.3,"[('KAG9276508.1', 'F3'), ('KAG9278886.1', 'F3')]",304
304,F7,NP_034302.2,"[('KAG9262334.1', 'F7'), ('KAG9262335.1', 'F7')]",305
305,FABP1,NP_059095.1,"[('KAG9270643.1', 'FABP1B.1'), ('KAG9281894.1', 'FABP1')]",306
306,FABP7,NP_067247.1,"[('KAG9268926.1', 'FABP7')]",307
307,FASL,NP_034307.1,"[('KAG9282718.1', 'FASLG')]",308
308,FBXW7,NP_001171244.1,"[('KAG9259937.1', 'FBXW7')]",309
309,FCER1G,NP_034315.1,"[('KAG9274189.1', 'FCER1G')]",310
310,FCER2A,NP_001240676.1,"[('KAG9274631.1', 'KAG9274631.1')]",311
311,FCGR1,NP_034316.1,"[('KAG9278516.1', 'FCGR1')]",312
312,FES,NP_034324.2,"[('KAG9266570.1', 'V-FPS')]",313
313,FGF15,NP_032029.1,"[('KAG9267102.1', 'FGF19')]",314
314,FGF16,NP_085117.2,"[('KAG9271884.1', 'FGF16')]",315
315,FGF2,XP_006535462.1,"[('KAG9263773.1', 'FGF2')]",316
316,FGF20,NP_085113.2,"[('KAG9272618.1', 'FGF9')]",317
317,FGF21,NP_064397.1,"[('KAG9267102.1', 'FGF19')]",318
318,FGF23,XP_036008152.1,"[('KAG9280564.1', 'FGF23')]",319
319,FGF3,NP_032033.2,"[('KAG9267100.1', 'FGF3')]",320
320,FGF4,NP_034332.2,"[('KAG9267101.1', 'FGF4-B')]",321
321,FGF7,NP_032034.1,"[('KAG9273487.1', 'FGF7')]",322
322,FGF8,NP_001159834.1,"[('KAG9275391.1', 'FGF8A')]",323
323,FGFBP1,NP_001408505.1,"[('KAG9272234.1', 'FGFBP1')]",324
324,FHL2,NP_001399527.1,"[('KAG9259430.1', 'FHL2'), ('KAG9271325.1', 'FHL2'), ('KAG9277668.1', 'FHL2')]",325
325,FKBP8,NP_001104536.1,"[('KAG9266838.1', 'FKBP8')]",326
326,FLT1,NP_034358.2,"[('KAG9283348.1', 'FLT1')]",327
327,FLT3,NP_034359.2,"[('KAG9283346.1', 'FLT3')]",328
328,FMR1,NP_032057.2,"[('KAG9272183.1', 'FMR1-A')]",329
329,FOLR1,NP_001399365.1,"[('KAG9265304.1', 'FOLR1')]",330
330,FOSB,NP_032062.1,"[('KAG9272818.1', 'FOSB')]",331
331,FOSL2,NP_032063.2,"[('KAG9268867.1', 'FOSL2')]",332
332,FOXA2,NP_001277994.1,"[('KAG9268601.1', 'FOXA2')]",333
333,FOXD3,NP_034555.3,"[('KAG9277315.1', 'FOXD3-A')]",334
334,FOXE1,NP_899121.1,"[('KAG9259451.1', 'FOXE1'), ('KAG9275750.1', 'FOXE1')]",335
335,FOXF1,NP_034556.2,"[('KAG9272945.1', 'FOXF1')]",336
336,FOXJ3,NP_001344106.1,"[('KAG9260788.1', 'FOXJ3')]",337
337,FOXL2,NP_036150.1,"[('KAG9278725.1', 'FOXL2')]",338
338,FOXM1,NP_032047.4,"[('KAG9280557.1', 'FOXM1')]",339
339,FOXN4,XP_006530184.1,"[('KAG9261556.1', 'FOXN4')]",340
340,FOXO1,NP_062713.2,"[('KAG9263180.1', 'FOXO1B'), ('KAG9265011.1', 'FOXO1A')]",341
341,FOXO3,NP_001363896.1,"[('KAG9282496.1', 'FOXO3')]",342
342,FOXO4,NP_061259.1,"[('KAG9272637.1', 'FOXO4')]",343
343,FOXP1,NP_001184250.1,"[('KAG9276871.1', 'FOXP1B')]",344
344,FOXP3,NP_473380.1,"[('KAG9270734.1', 'FOXP3')]",345
345,FRZB,NP_035486.1,"[('KAG9271814.1', 'FRZB')]",346
346,FSHB,NP_032071.1,"[('KAG9260878.1', 'CGBA')]",347
347,FURIN,NP_001074923.1,"[('KAG9266571.1', 'FURIN'), ('KAG9281091.1', 'FURIN')]",348
348,FUS,NP_631888.1,"[('KAG9278544.1', 'TAF15')]",349
349,FXN,NP_032070.1,"[('KAG9269992.1', 'FXN')]",350
350,GABPB1,NP_001393143.1,"[('KAG9273501.1', 'GABPB1')]",351
351,GABRB3,NP_001033790.1,"[('KAG9275165.1', 'GABRB1'), ('KAG9277227.1', 'GABRB3')]",352
352,GAD1,NP_001407029.1,"[('KAG9271444.1', 'GAD1'), ('KAG9277820.1', 'GAD1')]",353
353,GADD45A,NP_031862.1,"[('KAG9277794.1', 'GADD45A')]",354
354,GADD45B,NP_032681.1,"[('KAG9266729.1', 'GADD45B')]",355
355,GAL3ST1,XP_036012743.1,"[('KAG9261986.1', 'GAL3ST1')]",356
356,GAS2,XP_036008574.1,"[('KAG9281034.1', 'GAS2')]",357
357,GATA1,NP_001397533.1,"[('KAG9260152.1', 'GATA2')]",358
358,GATA2,NP_001342182.1,"[('KAG9260598.1', 'GATA2')]",359
359,GATA3,NP_001342039.1,"[('KAG9280464.1', 'GATA3')]",360
360,GATA5,NP_032119.2,"[('KAG9269509.1', 'GATA5-A')]",361
361,GBP2,NP_034390.1,"[('KAG9271306.1', 'GBP3')]",362
362,GBX2,NP_034392.1,"[('KAG9277921.1', 'GBX2')]",363
363,GCFC2,NP_808552.2,"[('KAG9268142.1', 'GCFC2')]",364
364,GCK,NP_034422.2,"[('KAG9270492.1', 'GCK')]",365
365,GCLC,NP_034425.1,"[('KAG9275039.1', 'GCLC')]",366
366,GCLM,NP_032155.1,"[('KAG9270851.1', 'GCLM')]",367
367,GDF5,NP_032135.2,"[('KAG9259419.1', 'GDF5'), ('KAG9277681.1', 'GDF5')]",368
368,GFI1,NP_001254550.1,"[('KAG9277734.1', 'GFI1')]",369
369,GFI1B,NP_032140.1,"[('KAG9266328.1', 'GFI1B')]",370
370,GINS3,NP_084474.1,"[('KAG9272021.1', 'GINS3')]",371
371,GJA1,XP_036011510.1,"[('KAG9268927.1', 'GJA1')]",372
372,GJA5,NP_001258557.1,"[('KAG9271023.1', 'GJA5')]",373
373,GJD2,NP_001405278.1,"[('KAG9268763.1', 'GJD2'), ('KAG9283190.1', 'GJD2')]",374
374,GLB1,NP_033882.1,"[('KAG9260016.1', 'GLB1')]",375
375,GLI2,NP_001074594.1,"[('KAG9271132.1', 'GLI2')]",376
376,GLIPR1,NP_082884.1,"[('KAG9272998.1', 'GLIPR1'), ('KAG9280503.1', 'GLIPR1L1')]",377
377,GLIS3,NP_780668.3,"[('KAG9263054.1', 'GLIS3')]",378
378,GLS2,NP_001028436.2,"[('KAG9260326.1', 'GLS'), ('KAG9270809.1', 'GLS')]",379
379,GLUL,NP_032157.2,"[('KAG9277797.1', 'GLUL'), ('KAG9278852.1', 'GLUL')]",380
380,GNRHR,NP_034453.1,"[('KAG9279812.1', 'KAG9279812.1')]",381
381,GPAM,XP_036017329.1,"[('KAG9267889.1', 'GPAM')]",382
382,GPC4,NP_032176.2,"[('KAG9272644.1', 'GPC4')]",383
383,GPR143,NP_035081.3,"[('KAG9270979.1', 'GPR143')]",384
384,GREM1,NP_035954.1,"[('KAG9268183.1', 'GREM1')]",385
385,GREM2,NP_001408412.1,"[('KAG9268032.1', 'GREM2')]",386
386,GRIA2,NP_001344853.2,"[('KAG9259771.1', 'GRIA2'), ('KAG9272335.1', 'GRIA2')]",387
387,GRIK2,NP_001345795.2,"[('KAG9276471.1', 'GRIK2'), ('KAG9280544.1', 'GRIK2')]",388
388,GRIN1,NP_001171128.1,"[('KAG9261926.1', 'GRIN1'), ('KAG9266339.1', 'GRIN1')]",389
389,GRIN2B,NP_032197.3,"[('KAG9262497.1', 'GRIN2B'), ('KAG9279098.1', 'GRIN2B')]",390
390,GRIP1,XP_006514301.1,"[('KAG9280312.1', 'GRIP1')]",391
391,GRM2,NP_001153825.1,"[('KAG9260651.1', 'GRM2'), ('KAG9277106.1', 'GRM2')]",392
392,GSTK1,NP_083831.1,"[('KAG9276315.1', 'GSTK1')]",393
393,GSTM2,NP_032209.1,"[('KAG9270783.1', 'GSTM3')]",394
394,GSX2,NP_573555.1,"[('KAG9282766.1', 'GSX2')]",395
395,GTF2B,NP_663521.1,"[('KAG9264743.1', 'GTF2B')]",396
396,GTF2H1,NP_001347004.1,"[('KAG9280809.1', 'GTF2H1')]",397
397,GTF2IRD1,XP_017176536.1,"[('KAG9282034.1', 'GTF2IRD1')]",398
398,GUCA2A,NP_032216.1,"[('KAG9260158.1', 'GUCA2A'), ('KAG9269652.1', 'GUCA2A')]",399
399,GYS2,NP_001398553.1,"[('KAG9280157.1', 'GYS2')]",400
400,GZF1,NP_001342618.1,"[('KAG9282869.1', 'GZF1')]",401
401,HADH,NP_032238.2,"[('KAG9275629.1', 'HADH')]",402
402,HAND2,NP_034532.3,"[('KAG9275714.1', 'HAND2')]",403
403,HBB-BH1,NP_032245.1,"[('KAG9280088.1', 'HBB2')]",404
404,HBB-BS,NP_001188320.1,"[('KAG9280088.1', 'HBB2')]",405
405,HBB-Y,NP_032247.1,"[('KAG9280088.1', 'HBB2'), ('KAG9280089.1', 'BA1L//BA1'), ('KAG9280092.1', 'HBB'), ('KAG9280094.1', 'BA1L//BA1')]",406
406,HCFC1,NP_032250.2,"[('KAG9270052.1', 'HCFC1')]",407
407,HCN4,NP_001074661.1,"[('KAG9273545.1', 'HCN4')]",408
408,HCRTR2,NP_945200.1,"[('KAG9275046.1', 'HCRTR2')]",409
409,HDAC1,NP_032254.1,"[('KAG9279654.1', 'HDAC1'), ('KAG9282264.1', 'HDAC2')]",410
410,HDAC11,NP_659168.1,"[('KAG9260775.1', 'HDAC11')]",411
411,HDAC2,NP_032255.2,"[('KAG9279654.1', 'HDAC1'), ('KAG9282264.1', 'HDAC2')]",412
412,HECA,NP_001028604.1,"[('KAG9282591.1', 'KAG9282591.1')]",413
413,HELT,NP_776150.2,"[('KAG9259685.1', 'HELT')]",414
414,HEPH,NP_034547.2,"[('KAG9263574.1', 'HEPHL1'), ('KAG9278253.1', 'HEPHL1')]",415
415,HERPUD1,NP_071726.1,"[('KAG9273156.1', 'HERPUD1')]",416
416,HES6,NP_001347828.1,"[('KAG9278375.1', 'HES6'), ('KAG9278599.1', 'HES6')]",417
417,HEY1,NP_034553.2,"[('KAG9279729.1', 'HEY1')]",418
418,HEY2,NP_038932.1,"[('KAG9283076.1', 'HEY2')]",419
419,HEYL,NP_038933.2,"[('KAG9279717.1', 'HEYL')]",420
420,HGF,NP_034557.3,"[('KAG9273035.1', 'HGF'), ('KAG9280633.1', 'HGF')]",421
421,HHEX,NP_032271.1,"[('KAG9268098.1', 'HHEX')]",422
422,HINFP,XP_006509960.1,"[('KAG9281754.1', 'HINFP')]",423
423,HIPK2,NP_001281073.1,"[('KAG9273058.1', 'HIPK2')]",424
424,HIVEP2,NP_001345712.1,"[('KAG9282580.1', 'HIVEP2')]",425
425,HLTF,NP_001342026.1,"[('KAG9264693.1', 'HLTF')]",426
426,HLX,NP_032276.1,"[('KAG9282520.1', 'HLX')]",427
427,HMBS,NP_038579.2,"[('KAG9265707.1', 'HMBS'), ('KAG9281757.1', 'HMBS')]",428
428,HMGCL,NP_032280.2,"[('KAG9268311.1', 'HMGCL')]",429
429,HMGN3,NP_080398.1,"[('KAG9269786.1', 'HMGN3')]",430
430,HMGXB4,NP_821136.1,"[('KAG9264336.1', 'HMGXB4')]",431
431,HNF1A,NP_033353.2,"[('KAG9270574.1', 'HNF1A')]",432
432,HOXA1,NP_034579.3,"[('KAG9280053.1', 'HOXA1A')]",433
433,HOXA11,NP_034580.1,"[('KAG9276681.1', 'HOXA11B'), ('KAG9280059.1', 'HOXA11A')]",434
434,HOXA2,NP_034581.1,"[('KAG9276678.1', 'HOXA2B')]",435
435,HOXA3,XP_017176891.1,"[('KAG9280055.1', 'HOXA3A')]",436
436,HOXD3,NP_034598.2,"[('KAG9271480.1', 'HOXD3A')]",437
437,HRAS,NP_001123915.1,"[('KAG9260819.1', 'HRAS'), ('KAG9281141.1', 'HRAS')]",438
438,HSD11B2,NP_032315.2,"[('KAG9260904.1', 'HSD11B2')]",439
439,HSD3B1,XP_006501099.1,"[('KAG9271359.1', 'HSD3B')]",440
440,HSD3B6,NP_038849.2,"[('KAG9271359.1', 'HSD3B')]",441
441,HSPA5,NP_071705.3,"[('KAG9281622.1', 'HSPA5')]",442
442,HSPB1,NP_038588.2,"[('KAG9265274.1', 'HSPB1')]",443
443,HTATIP2,XP_006541052.1,"[('KAG9266398.1', 'HTATIP2')]",444
444,HTR2C,NP_032338.3,"[('KAG9274488.1', 'HTR2C')]",445
445,ID3,NP_032347.1,"[('KAG9268365.1', 'ID3')]",446
446,IDE,XP_036017339.1,"[('KAG9275516.1', 'IDE')]",447
447,IDH1,NP_034627.3,"[('KAG9271190.1', 'IDH1')]",448
448,IDS,NP_001388858.1,"[('KAG9272186.1', 'IDS')]",449
449,IFIH1,NP_001157949.1,"[('KAG9271519.1', 'IFIH1')]",450
450,IFITM5,NP_444318.1,"[('KAG9280726.1', 'IFITM5')]",451
451,IFNA1,NP_034632.2,"[('KAG9279071.1', 'IFNA3')]",452
452,IFNA4,NP_034634.1,"[('KAG9279072.1', 'KAG9279072.1')]",453
453,IGF1,NP_001104745.1,"[('KAG9280168.1', 'KAG9280168.1')]",454
454,IGF1R,XP_006540704.1,"[('KAG9266987.1', 'IGF1R'), ('KAG9273221.1', 'IGF1R')]",455
455,IGF2,NP_034644.2,"[('KAG9260824.1', 'IGF2'), ('KAG9281129.1', 'IGF2')]",456
456,IGFBP1,NP_032367.3,"[('KAG9282676.1', 'IGFBP1')]",457
457,IGFBP2,NP_032368.2,"[('KAG9277901.1', 'IGFBP2A')]",458
458,IGFBP5,NP_034648.2,"[('KAG9271644.1', 'IGFBP5')]",459
459,IHH,NP_034674.2,"[('KAG9271585.1', 'IHHB')]",460
460,IKBKB,NP_001153246.1,"[('KAG9269955.1', 'IKBKB')]",461
461,IKZF1,NP_001391419.1,"[('KAG9275264.1', 'IKZF1')]",462
462,IL10,NP_034678.1,"[('KAG9260526.1', 'IL10')]",463
463,IL12RB2,XP_006505680.1,"[('KAG9277274.1', 'IL12RB2')]",464
464,IL17F,NP_665855.2,"[('KAG9268972.1', 'IL17F'), ('KAG9282651.1', 'IL17F')]",465
465,IL1B,NP_032387.1,"[('KAG9262952.1', 'IL1B')]",466
466,IL1RL1,NP_001407279.1,"[('KAG9271298.1', 'IL1RL1')]",467
467,ILF2,NP_080650.1,"[('KAG9279752.1', 'ILF2')]",468
468,ILF3,XP_011240705.1,"[('KAG9264506.1', 'ILF3')]",469
469,ILK,NP_034692.2,"[('KAG9263660.1', 'ILK')]",470
470,ING1,NP_036049.2,"[('KAG9262392.1', 'ING1'), ('KAG9271705.1', 'ING1')]",471
471,ING4,NP_001355624.1,"[('KAG9279426.1', 'ING4')]",472
472,INHA,NP_034694.3,"[('KAG9277904.1', 'INHA')]",473
473,INPP5D,XP_006529212.1,"[('KAG9277745.1', 'INPP5D')]",474
474,INS1,NP_032412.3,"[('KAG9272596.1', 'INS'), ('KAG9282128.1', 'INS')]",475
475,INS2,NP_001172012.1,"[('KAG9272596.1', 'INS'), ('KAG9282128.1', 'INS')]",476
476,INSIG1,NP_705746.1,"[('KAG9273625.1', 'INSIG1')]",477
477,INSM1,NP_058585.2,"[('KAG9283108.1', 'INSM1A')]",478
478,INSR,XP_006508764.1,"[('KAG9266932.1', 'INSR'), ('KAG9273912.1', 'INSR')]",479
479,IRAK1,NP_001171447.1,"[('KAG9270053.1', 'IRAK1')]",480
480,IRF2,XP_011240477.1,"[('KAG9272586.1', 'IRF2')]",481
481,IRF3,XP_006541058.1,"[('KAG9267418.1', 'IRF3')]",482
482,IRF5,XP_006505158.1,"[('KAG9280642.1', 'IRF5')]",483
483,IRF6,NP_058547.2,"[('KAG9260759.1', 'IRF6')]",484
484,IRF7,XP_006536277.1,"[('KAG9281146.1', 'IRF3')]",485
485,IRF8,NP_032346.1,"[('KAG9272944.1', 'IRF8')]",486
486,IRS1,NP_034700.2,"[('KAG9264816.1', 'IRS1-B')]",487
487,IRX3,NP_001240751.1,"[('KAG9260916.1', 'IRX3')]",488
488,IRX5,NP_061296.1,"[('KAG9260915.1', 'IRX5')]",489
489,ITCH,NP_032421.2,"[('KAG9269265.1', 'ITCH'), ('KAG9276960.1', 'ITCH')]",490
490,ITGA4,NP_034706.3,"[('KAG9271822.1', 'ITGA4')]",491
491,ITGA6,NP_001264899.1,"[('KAG9271449.1', 'ITGA6')]",492
492,ITGA7,XP_030100775.1,"[('KAG9260427.1', 'ITGA7')]",493
493,ITGAM,NP_001076429.1,"[('KAG9267405.1', 'ITGAX')]",494
494,ITGB6,NP_067334.1,"[('KAG9266565.1', 'ITGB6')]",495
495,ITM2A,NP_032435.2,"[('KAG9271915.1', 'ITM2A')]",496
496,ITPR1,XP_006505686.1,"[('KAG9260656.1', 'ITPR1'), ('KAG9277182.1', 'ITPR1')]",497
497,JAG1,NP_038850.1,"[('KAG9259854.1', 'JAG1B')]",498
498,JAK2,NP_001041642.1,"[('KAG9261802.1', 'JAK2'), ('KAG9266318.1', 'JAK2')]",499
499,JAZF1,NP_775582.2,"[('KAG9276685.1', 'JAZF1')]",500
500,JMJD1C,XP_006513098.1,"[('KAG9267614.1', 'JMJD1C')]",501
501,JUN,NP_034721.1,"[('KAG9282715.1', 'JUN')]",502
502,JUNB,NP_032442.1,"[('KAG9279254.1', 'JUNB')]",503
503,JUND,NP_034722.1,"[('KAG9278669.1', 'JUND')]",504
504,KCNA5,NP_666095.1,"[('KAG9280399.1', 'KCNA5')]",505
505,KCNB1,XP_017171221.1,"[('KAG9277007.1', 'KCNB1'), ('KAG9277091.1', 'KCNB1')]",506
506,KCNN3,NP_536714.2,"[('KAG9275889.1', 'KCNN3')]",507
507,KCNV2,NP_899002.1,"[('KAG9263447.1', 'KCNV2')]",508
508,KDM5A,NP_666109.2,"[('KAG9280403.1', 'KDM5A')]",509
509,KDM5C,NP_001390000.1,"[('KAG9270354.1', 'KDM5C')]",510
510,KDR,NP_001390070.1,"[('KAG9282762.1', 'KDR')]",511
511,KEAP1,NP_001103775.1,"[('KAG9277500.1', 'KEAP1B')]",512
512,KHDRBS1,NP_035447.3,"[('KAG9279660.1', 'KHDRBS1')]",513
513,KIF17,NP_034753.1,"[('KAG9260282.1', 'KIF17')]",514
514,KIF26B,NP_001155137.1,"[('KAG9268983.1', 'KIF26B')]",515
515,KIT,NP_001116205.1,"[('KAG9259947.1', 'KITA'), ('KAG9282763.1', 'KITA')]",516
516,KLF13,NP_067341.2,"[('KAG9281000.1', 'KLF13')]",517
517,KLF2,NP_032478.2,"[('KAG9266649.1', 'KLF4')]",518
518,KLF3,XP_006503814.1,"[('KAG9259743.1', 'KLF3')]",519
519,KLF4,NP_034767.2,"[('KAG9266142.1', 'KLF4')]",520
520,KLF7,XP_030099629.1,"[('KAG9262219.1', 'KLF7'), ('KAG9271195.1', 'KLF7')]",521
521,L1CAM,NP_001361623.1,"[('KAG9269737.1', 'L1CAM')]",522
522,LAMA4,NP_034811.2,"[('KAG9282265.1', 'LAMA4')]",523
523,LBX1,NP_034821.2,"[('KAG9275393.1', 'LBX1')]",524
524,LCT,NP_001074547.1,"[('KAG9271639.1', 'LCT')]",525
525,LDB1,XP_006526786.3,"[('KAG9267009.1', 'LDB1'), ('KAG9275381.1', 'LDB1')]",526
526,LDHA,NP_001129541.2,"[('KAG9281138.1', 'LDHA')]",527
527,LDHB,NP_001303251.1,"[('KAG9280159.1', 'LDHBA'), ('KAG9281064.1', 'LDHBB')]",528
528,LDHD,NP_081846.3,"[('KAG9272019.1', 'LDHD')]",529
529,LEF1,NP_001365988.1,"[('KAG9275630.1', 'LEF1')]",530
530,LEFTY1,NP_034224.1,"[('KAG9282642.1', 'LEFTY2')]",531
531,LFNG,NP_032520.1,"[('KAG9267374.1', 'RFNG')]",532
532,LGALS4,NP_034836.1,"[('KAG9273528.1', 'LGALS4')]",533
533,LHB,NP_032523.2,"[('KAG9275034.1', 'CGBB')]",534
534,LHX2,NP_001407283.1,"[('KAG9269975.1', 'LHX2')]",535
535,LHX3,NP_034841.2,"[('KAG9281601.1', 'LHX3')]",536
536,LHX4,NP_034842.2,"[('KAG9270183.1', 'LHX4')]",537
537,LHX6,NP_001076594.1,"[('KAG9263277.1', 'LHX6')]",538
538,LHX9,NP_001036042.1,"[('KAG9266803.1', 'LHX9')]",539
539,LIN28A,NP_665832.1,"[('KAG9276453.1', 'KAG9276453.1')]",540
540,LIN9,NP_001096652.3,"[('KAG9283030.1', 'KAG9283030.1')]",541
541,LIPC,NP_001311401.1,"[('KAG9280856.1', 'LIPC')]",542
542,LIPE,XP_006539633.2,"[('KAG9283583.1', 'LIPE')]",543
543,LMNA,NP_001002011.2,"[('KAG9276613.1', 'LMNA')]",544
544,LMO2,NP_001135807.1,"[('KAG9273563.1', 'LMO2')]",545
545,LMO3,XP_036021636.1,"[('KAG9280300.1', 'LMO3')]",546
546,LMO4,NP_001155241.1,"[('KAG9277772.1', 'LMO4')]",547
547,LMX1B,NP_034855.3,"[('KAG9270285.1', 'LMX1B')]",548
548,LPL,NP_032535.2,"[('KAG9266657.1', 'LPL')]",549
549,LRP1,NP_032538.2,"[('KAG9260454.1', 'LRP1')]",550
550,LRRC10,NP_666354.1,"[('KAG9280940.1', 'LRRC10')]",551
551,LSS,NP_666118.1,"[('KAG9271616.1', 'KAG9271616.1')]",552
552,LXN,NP_058033.2,"[('KAG9278531.1', 'LXN')]",553
553,MAB21L1,NP_034880.1,"[('KAG9259945.1', 'MAB21L2'), ('KAG9264626.1', 'MAB21L1')]",554
554,MAB21L2,NP_035969.2,"[('KAG9259945.1', 'MAB21L2'), ('KAG9264626.1', 'MAB21L1')]",555
555,MAD2L1,NP_001342553.1,"[('KAG9274093.1', 'MAD2L1')]",556
556,MAF,NP_001020748.2,"[('KAG9280904.1', 'MAF')]",557
557,MAFB,NP_034788.1,"[('KAG9269882.1', 'MAFB')]",558
558,MAFK,XP_006504716.1,"[('KAG9279970.1', 'MAFK')]",559
559,MAOA,NP_776101.3,"[('KAG9271095.1', 'MAO')]",560
560,MAP1A,NP_115769.1,"[('KAG9261301.1', 'MAP1A')]",561
561,MAP3K5,NP_032606.4,"[('KAG9282429.1', 'MAP3K5')]",562
562,MAP3K7,NP_033342.1,"[('KAG9282417.1', 'MAP3K7')]",563
563,MAPK3,NP_036082.1,"[('KAG9264229.1', 'MAPK1')]",564
564,MAPK8IP1,NP_035292.2,"[('KAG9266484.1', 'MAPK8IP1')]",565
565,MAST1,XP_006531280.1,"[('KAG9262607.1', 'MAST1'), ('KAG9279252.1', 'MAST1')]",566
566,MATN1,NP_034899.2,"[('KAG9279847.1', 'MATN1')]",567
567,MCM2,NP_032590.2,"[('KAG9260168.1', 'MCM2')]",568
568,MCM3,NP_032589.1,"[('KAG9282652.1', 'MCM3')]",569
569,MCM5,NP_032592.2,"[('KAG9264340.1', 'MCM5')]",570
570,MCM6,NP_032593.1,"[('KAG9277628.1', 'MCM6')]",571
571,MCM7,NP_032594.1,"[('KAG9263738.1', 'MCM7-B')]",572
572,MCM8,NP_001277983.1,"[('KAG9268735.1', 'MCM8')]",573
573,MCTS1,XP_036017981.1,"[('KAG9272703.1', 'MCTS1')]",574
574,MDM2,NP_034916.1,"[('KAG9280471.1', 'MDM2')]",575
575,MDM4,NP_032601.2,"[('KAG9260508.1', 'MDM4')]",576
576,MED23,XP_036011884.1,"[('KAG9282327.1', 'MED23')]",577
577,MED8,XP_006503554.1,"[('KAG9277840.1', 'MED8')]",578
578,MEF2A,NP_001278120.1,"[('KAG9273261.1', 'MEF2A')]",579
579,MEIS2,XP_030104081.1,"[('KAG9268767.1', 'MEIS2')]",580
580,MERTK,NP_032613.1,"[('KAG9275011.1', 'MERTK')]",581
581,MET,NP_032617.2,"[('KAG9272360.1', 'MET')]",582
582,MGMT,NP_001399629.1,"[('KAG9268229.1', 'MGMT')]",583
583,MGST1,NP_001334418.1,"[('KAG9280301.1', 'MGST1')]",584
584,MIA,NP_062267.2,"[('KAG9281996.1', 'MIA')]",585
585,MIF,NP_034928.1,"[('KAG9272222.1', 'MIF')]",586
586,MIP,NP_032626.2,"[('KAG9269284.1', 'KAG9269284.1'), ('KAG9269775.1', 'KAG9269775.1')]",587
587,MITF,NP_001106669.1,"[('KAG9269944.1', 'MITF'), ('KAG9276875.1', 'MITF')]",588
588,MLLT3,NP_081602.3,"[('KAG9274192.1', 'MLLT3')]",589
589,MLXIPL,XP_006504540.1,"[('KAG9281705.1', 'MLXIPL')]",590
590,MME,NP_001344264.1,"[('KAG9273404.1', 'MME')]",591
591,MMP13,NP_032633.1,"[('KAG9264620.1', 'MMP13')]",592
592,MMP15,NP_032635.1,"[('KAG9267108.1', 'MMP15')]",593
593,MMP19,NP_067387.1,"[('KAG9260366.1', 'MMP19'), ('KAG9270890.1', 'MMP19')]",594
594,MMP2,XP_006530814.1,"[('KAG9260913.1', 'MMP2')]",595
595,MMP9,NP_038627.1,"[('KAG9270760.1', 'MMP9')]",596
596,MORF4L1,NP_077751.1,"[('KAG9273198.1', 'KAG9273198.1')]",597
597,MPL,NP_001272425.1,"[('KAG9277286.1', 'MPL')]",598
598,MRC1,NP_032651.2,"[('KAG9274075.1', 'MRC1')]",599
599,MRGBP,NP_082755.1,"[('KAG9269483.1', 'MRGBP')]",600
600,MSI1,NP_032655.1,"[('KAG9270565.1', 'KAG9270565.1')]",601
601,MSTN,NP_034964.1,"[('KAG9271725.1', 'MSTNB')]",602
602,MSX1,NP_034965.2,"[('KAG9263746.1', 'KAG9263746.1')]",603
603,MTF1,NP_032662.3,"[('KAG9276449.1', 'MTF1')]",604
604,MTF2,NP_038855.2,"[('KAG9278835.1', 'MTF2')]",605
605,MTOR,NP_064393.2,"[('KAG9270301.1', 'MTOR')]",606
606,MTTP,NP_001156929.1,"[('KAG9259723.1', 'MTTP')]",607
607,MVK,XP_006530246.1,"[('KAG9261540.1', 'MVK')]",608
608,MXD1,NP_001397005.1,"[('KAG9262057.1', 'MXD1')]",609
609,MXI1,NP_001008542.2,"[('KAG9261139.1', 'MXI1')]",610
610,MYB,NP_034978.3,"[('KAG9269798.1', 'MYB')]",611
611,MYBL2,XP_006498936.1,"[('KAG9260296.1', 'MYBL2')]",612
612,MYD88,NP_034981.1,"[('KAG9283297.1', 'MYD88')]",613
613,MYEF2,XP_030104088.1,"[('KAG9273481.1', 'MYEF2')]",614
614,MYF5,XP_006513382.1,"[('KAG9280489.1', 'MYF-5')]",615
615,MYF6,NP_032683.1,"[('KAG9280490.1', 'MYF6')]",616
616,MYL1,XP_036018509.1,"[('KAG9271736.1', 'MYL1')]",617
617,MYL2,NP_034991.3,"[('KAG9270619.1', 'MYL2'), ('KAG9281670.1', 'MYL2')]",618
618,MYL6,NP_034990.1,"[('KAG9269741.1', 'MYL6'), ('KAG9277186.1', 'MYL6')]",619
619,MYL9,NP_742116.1,"[('KAG9269254.1', 'MYL9'), ('KAG9273881.1', 'MYL12A'), ('KAG9274059.1', 'MYL12A'), ('KAG9277077.1', 'MYL9')]",620
620,MYO6,NP_001395181.1,"[('KAG9268494.1', 'MYO6'), ('KAG9282452.1', 'MYO6')]",621
621,MYOD1,NP_034996.2,"[('KAG9281115.1', 'MYOD1')]",622
622,MYOG,NP_112466.1,"[('KAG9260512.1', 'MYOG')]",623
623,MYOM2,NP_001401117.1,"[('KAG9266562.1', 'MYOM2'), ('KAG9274845.1', 'MYOM2')]",624
624,MYOM3,NP_001078978.1,"[('KAG9283793.1', 'MYOM3')]",625
625,MYOZ2,NP_067478.1,"[('KAG9259991.1', 'MYOZ2')]",626
626,NAB1,NP_001407276.1,"[('KAG9271710.1', 'NAB1')]",627
627,NAPEPLD,NP_001346893.1,"[('KAG9280138.1', 'NAPEPLD')]",628
628,NAT2,XP_006509655.1,"[('KAG9260935.1', 'PNAT10'), ('KAG9260936.1', 'PNAT10'), ('KAG9260937.1', 'PNAT10')]",629
629,NCAM1,NP_001074914.1,"[('KAG9265406.1', 'NCAM1'), ('KAG9265633.1', 'NCAM1')]",630
630,NCF1,NP_035006.3,"[('KAG9282050.1', 'NCF1')]",631
631,NCK2,XP_030107914.1,"[('KAG9259428.1', 'NCK2'), ('KAG9271324.1', 'NCK2'), ('KAG9277671.1', 'NCK2')]",632
632,NCOA2,XP_030107955.1,"[('KAG9283229.1', 'NCOA2')]",633
633,NCOA3,NP_032705.2,"[('KAG9269872.1', 'NCOA3')]",634
634,NCOA5,NP_659141.1,"[('KAG9276946.1', 'NCOA5')]",635
635,NDP,NP_035013.1,"[('KAG9271094.1', 'NDP')]",636
636,NECTIN1,NP_067399.2,"[('KAG9265598.1', 'NECTIN1'), ('KAG9273320.1', 'NECTIN1')]",637
637,NECTIN2,NP_033016.3,"[('KAG9279332.1', 'NECTIN2')]",638
638,NECTIN4,NP_082169.2,"[('KAG9278717.1', 'NECTIN4')]",639
639,NELFCD,NP_065605.3,"[('KAG9259423.1', 'NELFCD'), ('KAG9277677.1', 'NELFCD')]",640
640,NEUROD1,NP_035024.1,"[('KAG9271820.1', 'NEUROD1')]",641
641,NEUROD4,NP_001316419.1,"[('KAG9269742.1', 'NEUROD4')]",642
642,NEUROD6,NP_033847.1,"[('KAG9276486.1', 'NEUROD6')]",643
643,NEUROG3,NP_033849.3,"[('KAG9275417.1', 'NEUROG3')]",644
644,NFAT5,NP_001273189.1,"[('KAG9267144.1', 'NFAT5')]",645
645,NFATC3,NP_001355726.1,"[('KAG9260896.1', 'NFATC3')]",646
646,NFE2L2,NP_035032.1,"[('KAG9271483.1', 'NFE2L2')]",647
647,NFKB1,NP_032715.2,"[('KAG9263807.1', 'NFKB1')]",648
648,NFKB2,NP_001170841.1,"[('KAG9275553.1', 'NFKB2')]",649
649,NFYB,NP_035044.1,"[('KAG9280220.1', 'NFYB')]",650
650,NFYC,NP_001408222.1,"[('KAG9279816.1', 'NFYC')]",651
651,NGF,XP_006501171.1,"[('KAG9277043.1', 'NGF')]",652
652,NHLH1,NP_035046.1,"[('KAG9262412.1', 'NHLH1'), ('KAG9271035.1', 'NHLH1')]",653
653,NHLH2,NP_848892.1,"[('KAG9262412.1', 'NHLH1'), ('KAG9271035.1', 'NHLH1')]",654
654,NKX2-3,NP_032725.1,"[('KAG9275311.1', 'NKX2-3')]",655
655,NKX6-1,NP_659204.1,"[('KAG9265506.1', 'NKX6-1')]",656
656,NMNAT2,NP_780669.1,"[('KAG9273831.1', 'NMNAT2')]",657
657,NOCT,NP_033964.1,"[('KAG9272268.1', 'NOCT')]",658
658,NODAL,NP_038639.2,"[('KAG9267480.1', 'KAG9267480.1')]",659
659,NONO,NP_001413149.1,"[('KAG9282173.1', 'NONO')]",660
660,NOP56,NP_077155.2,"[('KAG9266267.1', 'NOP56')]",661
661,NOS1,NP_032738.1,"[('KAG9261998.1', 'NOS1')]",662
662,NOSTRIN,NP_853525.3,"[('KAG9271510.1', 'NOSTRIN')]",663
663,NOTCH1,NP_032740.3,"[('KAG9261813.1', 'KAG9261813.1')]",664
664,NOTCH2,NP_035058.2,"[('KAG9270076.1', 'KAG9270076.1')]",665
665,NOX4,XP_006508075.1,"[('KAG9265281.1', 'NOX4')]",666
666,NPAS2,NP_032745.2,"[('KAG9282177.1', 'CLOCK')]",667
667,NPAT,NP_001074621.1,"[('KAG9265202.1', 'NPAT')]",668
668,NPHS1,XP_036009153.1,"[('KAG9264674.1', 'NPHS1')]",669
669,NPHS2,NP_569723.1,"[('KAG9266613.1', 'NPHS2')]",670
670,NPR1,NP_032753.5,"[('KAG9276639.1', 'NPR1'), ('KAG9279608.1', 'NPR1')]",671
671,NQO1,XP_036009703.1,"[('KAG9267071.1', 'NQO1'), ('KAG9267072.1', 'NQO1')]",672
672,NR0B2,NP_035980.1,"[('KAG9259576.1', 'NR0B2'), ('KAG9283910.1', 'NR0B2')]",673
673,NR1H3,NP_038867.2,"[('KAG9260845.1', 'NR1H3')]",674
674,NR1H4,NP_001372640.1,"[('KAG9273109.1', 'NR1H4')]",675
675,NR2C1,NP_035759.3,"[('KAG9280449.1', 'NR2C1-B')]",676
676,NR2C2,NP_001334271.1,"[('KAG9280449.1', 'NR2C1-B')]",677
677,NR2E1,NP_689415.1,"[('KAG9282493.1', 'NR2E1')]",678
678,NR2F6,NP_034280.2,"[('KAG9266742.1', 'NR2F6')]",679
679,NR3C2,NP_001077375.1,"[('KAG9275703.1', 'NR3C2')]",680
680,NR4A2,XP_036015279.1,"[('KAG9271667.1', 'NR4A2')]",681
681,NR4A3,XP_030109168.1,"[('KAG9283607.1', 'NR4A3')]",682
682,NR5A2,XP_006529684.1,"[('KAG9266799.1', 'NR5A2')]",683
683,NRARP,NP_080256.2,"[('KAG9263261.1', 'NRARPA')]",684
684,NRF1,NP_001348622.1,"[('KAG9280525.1', 'NRF1')]",685
685,NRGN,NP_071312.1,"[('KAG9282011.1', 'NRGN')]",686
686,NRP1,NP_032763.2,"[('KAG9276715.1', 'NRP1A')]",687
687,NRP2,NP_001070871.1,"[('KAG9262303.1', 'NRP2'), ('KAG9271570.1', 'NRP2')]",688
688,NT5E,NP_035981.1,"[('KAG9282448.1', 'NT5E')]",689
689,NTRK1,XP_006501187.1,"[('KAG9283699.1', 'NTRK1')]",690
690,NUDT1,NP_001343514.1,"[('KAG9279963.1', 'NUDT1')]",691
691,NUPR1,NP_062712.1,"[('KAG9264435.1', 'NUPR1')]",692
692,ODF2,XP_017171768.1,"[('KAG9266212.1', 'ODF2')]",693
693,OGG1,NP_035087.3,"[('KAG9270299.1', 'OGG1')]",694
694,OMP,NP_035140.1,"[('KAG9272853.1', 'OMP')]",695
695,ONECUT1,NP_032288.1,"[('KAG9273457.1', 'ONECUT1')]",696
696,ONECUT3,NP_631972.2,"[('KAG9266827.1', 'ONECUT3'), ('KAG9278695.1', 'ONECUT3')]",697
697,OPN1SW,NP_031564.1,"[('KAG9260150.1', 'B23')]",698
698,OPRD1,NP_038650.3,"[('KAG9276413.1', 'OPRD1'), ('KAG9279291.1', 'OPRD1')]",699
699,OPRK1,NP_001305664.1,"[('KAG9274008.1', 'OPRK1'), ('KAG9274056.1', 'OPRK1')]",700
700,OSTM1,NP_766004.1,"[('KAG9282491.1', 'OSTM1')]",701
701,OXT,NP_035155.1,"[('KAG9281896.1', 'KAG9281896.1')]",702
702,P2RY10,NP_001344739.1,"[('KAG9271913.1', 'P2RY10')]",703
703,PAG1,XP_030108786.1,"[('KAG9279725.1', 'PAG1')]",704
704,PAGR1A,NP_084516.1,"[('KAG9267391.1', 'PAGR1')]",705
705,PANX3,NP_766042.2,"[('KAG9263615.1', 'PANX3')]",706
706,PAPPA,NP_067337.1,"[('KAG9261909.1', 'PAPPA')]",707
707,PAQR7,XP_036020344.1,"[('KAG9276421.1', 'PAQR7B')]",708
708,PARP1,NP_031441.2,"[('KAG9283031.1', 'PARP1')]",709
709,PAX1,XP_006498974.1,"[('KAG9268602.1', 'PAX1')]",710
710,PAX2,NP_001355673.1,"[('KAG9275365.1', 'PAX2-A')]",711
711,PAX3,NP_001152992.1,"[('KAG9278591.1', 'PAX3-A')]",712
712,PAX5,NP_032808.1,"[('KAG9259751.1', 'PAX5')]",713
713,PAX6,NP_001231127.1,"[('KAG9271990.1', 'PAX6A')]",714
714,PAX7,XP_006538694.1,"[('KAG9260231.1', 'PAX7'), ('KAG9269630.1', 'PAX7')]",715
715,PAX8,NP_035170.1,"[('KAG9281877.1', 'PAX8')]",716
716,PCK1,NP_035174.1,"[('KAG9277848.1', 'PCK1')]",717
717,PCNA,NP_035175.1,"[('KAG9263395.1', 'PCNA')]",718
718,PCSK2,NP_032818.1,"[('KAG9274835.1', 'PCSK2')]",719
719,PCSK9,NP_705793.1,"[('KAG9282686.1', 'PCSK9')]",720
720,PDE3B,NP_035185.2,"[('KAG9267172.1', 'PDE3B')]",721
721,PDGFA,NP_001409068.1,"[('KAG9261137.1', 'PDGFA'), ('KAG9263945.1', 'PDGFA')]",722
722,PDGFRA,NP_001076785.1,"[('KAG9282764.1', 'PDGFRA')]",723
723,PDHX,NP_780303.1,"[('KAG9281080.1', 'PDHX')]",724
724,PDK1,XP_011237746.1,"[('KAG9271455.1', 'PDK1')]",725
725,PDK4,NP_038771.1,"[('KAG9279800.1', 'PDK2')]",726
726,PDX1,NP_032840.1,"[('KAG9283344.1', 'PDX1')]",727
727,PENK,NP_001335138.1,"[('KAG9274042.1', 'PENK')]",728
728,PER2,NP_001407810.1,"[('KAG9278600.1', 'KAG9278600.1')]",729
729,PERP,NP_071315.1,"[('KAG9275060.1', 'PERP')]",730
730,PEX11A,NP_035198.1,"[('KAG9273275.1', 'PEX11A')]",731
731,PFKFB3,NP_001171229.1,"[('KAG9280456.1', 'PFKFB3')]",732
732,PHEX,NP_035207.1,"[('KAG9283423.1', 'PHEX')]",733
733,PHLPP1,NP_598582.3,"[('KAG9274647.1', 'PHLPP1')]",734
734,PHOX2A,NP_032913.1,"[('KAG9265306.1', 'PHOX2A')]",735
735,PHOX2B,NP_032914.1,"[('KAG9272157.1', 'PHOX2B')]",736
736,PIAS1,NP_062637.2,"[('KAG9273197.1', 'PIAS1')]",737
737,PIAS4,NP_067476.2,"[('KAG9266864.1', 'PIAS4A')]",738
738,PIK3CA,NP_032865.2,"[('KAG9266440.1', 'PIK3CA')]",739
739,PITX2,NP_035228.2,"[('KAG9275287.1', 'PITX3')]",740
740,PITX3,XP_006526827.1,"[('KAG9275287.1', 'PITX3')]",741
741,PKLR,XP_006501198.1,"[('KAG9276287.1', 'PKM')]",742
742,PKP3,NP_001156396.1,"[('KAG9281029.1', 'PKP3')]",743
743,PLA2G4A,NP_032895.1,"[('KAG9264777.1', 'PLA2G4A'), ('KAG9282615.1', 'PLA2G4A')]",744
744,PLAGL2,NP_061277.2,"[('KAG9269504.1', 'PLAGL2')]",745
745,PLAUR,NP_035243.1,"[('KAG9269184.1', 'PLAUR'), ('KAG9269196.1', 'PLAUR')]",746
746,PLCG2,NP_758489.1,"[('KAG9273046.1', 'PLCG2')]",747
747,PLIN2,XP_011248209.1,"[('KAG9274212.1', 'PLIN2')]",748
748,PLK3,NP_001300845.1,"[('KAG9273620.1', 'PLK3')]",749
749,PLK4,NP_035625.2,"[('KAG9268554.1', 'PLK4')]",750
750,PLOD1,NP_035252.1,"[('KAG9270328.1', 'PLOD1')]",751
751,PLPPR4,NP_808332.3,"[('KAG9264793.1', 'PLPPR4'), ('KAG9276519.1', 'PLPPR4')]",752
752,PLTP,NP_001407621.1,"[('KAG9276944.1', 'PLTP')]",753
753,PMEL,XP_036011605.1,"[('KAG9269057.1', 'PMEL')]",754
754,POLA1,NP_032918.1,"[('KAG9283404.1', 'POLA1')]",755
755,POSTN,NP_001355607.1,"[('KAG9264629.1', 'POSTN')]",756
756,POU2AF1,NP_035266.1,"[('KAG9265376.1', 'POU2AF1')]",757
757,POU2F1,NP_945150.2,"[('KAG9262340.1', 'POU2F1')]",758
758,POU2F3,NP_035269.2,"[('KAG9282017.1', 'POU2F3')]",759
759,POU3F1,NP_035271.1,"[('KAG9276400.1', 'POU3F1')]",760
760,POU3F2,NP_032925.1,"[('KAG9280551.1', 'POU3F2')]",761
761,POU3F3,NP_032926.2,"[('KAG9259434.1', 'POU3F3B'), ('KAG9259435.1', 'POU3F3B'), ('KAG9271328.1', 'POU3F3A'), ('KAG9277663.1', 'POU3F3B'), ('KAG9277664.1', 'POU3F3B')]",762
762,POU3F4,NP_032927.1,"[('KAG9271924.1', 'POU3F4')]",763
763,POU4F2,NP_620394.2,"[('KAG9275698.1', 'POU4F2')]",764
764,PPARG,XP_006505801.1,"[('KAG9260361.1', 'PPARG')]",765
765,PPIG,NP_001394397.1,"[('KAG9277825.1', 'PPIG')]",766
766,PPP1R13L,XP_030098560.1,"[('KAG9272808.1', 'PPP1R13L')]",767
767,PPP1R14A,NP_081007.2,"[('KAG9265151.1', 'CPI17')]",768
768,PPP1R3B,XP_017168286.1,"[('KAG9265524.1', 'PPP1R3B')]",769
769,PRDM1,NP_001392859.1,"[('KAG9278477.1', 'PRDM1')]",770
770,PRDM13,NP_001074240.1,"[('KAG9278367.1', 'PRDM13')]",771
771,PRDM16,NP_001277955.1,"[('KAG9270329.1', 'PRDM16')]",772
772,PRDM5,XP_006506667.1,"[('KAG9269232.1', 'PRDM5')]",773
773,PRDM8,NP_084223.2,"[('KAG9261709.1', 'PRDM8')]",774
774,PRDX1,NP_035164.1,"[('KAG9273696.1', 'PRDX1')]",775
775,PRDX2,NP_035693.3,"[('KAG9262584.1', 'PRDX1')]",776
776,PRDX3,NP_031478.1,"[('KAG9275519.1', 'PRDX3')]",777
777,PRDX6,NP_031479.1,"[('KAG9274661.1', 'PRDX6'), ('KAG9282714.1', 'PRDX6')]",778
778,PRF1,NP_035203.3,"[('KAG9264106.1', 'PRF1'), ('KAG9264107.1', 'PRF1'), ('KAG9264108.1', 'PRF1')]",779
779,PROX1,NP_001347756.1,"[('KAG9282373.1', 'PROX1')]",780
780,PRRX1,NP_035257.1,"[('KAG9264769.1', 'PRRX1'), ('KAG9282662.1', 'PRRX1')]",781
781,PSAP,NP_035309.3,"[('KAG9275071.1', 'PSAP')]",782
782,PTAFR,NP_001074680.1,"[('KAG9268245.1', 'PTAFR')]",783
783,PTEN,NP_032986.1,"[('KAG9267703.1', 'PTEN'), ('KAG9268398.1', 'PTEN')]",784
784,PTF1A,NP_061279.2,"[('KAG9278404.1', 'PTF1A')]",785
785,PTGDS,NP_032989.2,"[('KAG9263264.1', 'PTGDS')]",786
786,PTGES,NP_071860.1,"[('KAG9281778.1', 'PTGES')]",787
787,PTGES2,NP_598544.2,"[('KAG9270274.1', 'PTGES2')]",788
788,PTGS1,XP_006497853.1,"[('KAG9261886.1', 'PTGS1')]",789
789,PTGS2,NP_035328.2,"[('KAG9282614.1', 'PTGS2')]",790
790,PTHLH,NP_032996.2,"[('KAG9280733.1', 'PTHLH')]",791
791,PTPN1,NP_035331.3,"[('KAG9270872.1', 'PTPN1')]",792
792,PTPN6,NP_001071173.1,"[('KAG9276303.1', 'PTPN6')]",793
793,PTPRC,NP_001407709.1,"[('KAG9266800.1', 'PTPRC')]",794
794,PTPRO,XP_036021846.1,"[('KAG9280578.1', 'PTPRO')]",795
795,PTPRU,XP_006538737.1,"[('KAG9276424.1', 'PTPRU'), ('KAG9279283.1', 'PTPRU')]",796
796,PTPRZ1,XP_006505075.1,"[('KAG9280945.1', 'PTPRZ1')]",797
797,PTTG1IP,NP_666037.1,"[('KAG9259580.1', 'PTTG1IP'), ('KAG9271755.1', 'PTTG1IP'), ('KAG9283914.1', 'PTTG1IP')]",798
798,PTX3,NP_033013.3,"[('KAG9273368.1', 'PTX3')]",799
799,PWP1,NP_598754.2,"[('KAG9280145.1', 'KAG9280145.1')]",800
800,RAC1,NP_033033.1,"[('KAG9264001.1', 'RAC3'), ('KAG9264581.1', 'RAC1'), ('KAG9267372.1', 'RAC3'), ('KAG9267623.1', 'RAC1')]",801
801,RAD51,NP_035364.1,"[('KAG9282298.1', 'KAG9282298.1')]",802
802,RAF1,NP_001343263.1,"[('KAG9260356.1', 'RAF1'), ('KAG9269852.1', 'RAF1')]",803
803,RAG1,NP_033045.2,"[('KAG9281088.1', 'RAG1')]",804
804,RAG2,XP_017172095.1,"[('KAG9281087.1', 'RAG2')]",805
805,RAN,NP_001408127.1,"[('KAG9272206.1', 'RAN')]",806
806,RAP1B,NP_077777.1,"[('KAG9280324.1', 'RAP1B')]",807
807,RAP2B,NP_082988.1,"[('KAG9273417.1', 'RAP2A')]",808
808,RB1CC1,XP_036012136.1,"[('KAG9275785.1', 'RB1CC1')]",809
809,RBL1,NP_035379.2,"[('KAG9277932.1', 'RBL1')]",810
810,RBL2,NP_035380.3,"[('KAG9281048.1', 'RBL2')]",811
811,RBMX,XP_036017757.1,"[('KAG9272662.1', 'RBMX')]",812
812,RBP4,NP_001152959.1,"[('KAG9267337.1', 'RBP4A')]",813
813,RBPJ,NP_001074397.1,"[('KAG9259712.1', 'RBPJ')]",814
814,RBPJL,NP_033062.1,"[('KAG9277703.1', 'RBPJL')]",815
815,RC3H1,NP_001020123.1,"[('KAG9273747.1', 'RC3H1')]",816
816,RECK,NP_057887.2,"[('KAG9276694.1', 'RECK')]",817
817,RELB,NP_001277386.1,"[('KAG9265361.1', 'RELB')]",818
818,RELN,NP_001297393.1,"[('KAG9273570.1', 'RELN')]",819
819,REN1,NP_112469.1,"[('KAG9270348.1', 'REN')]",820
820,RERE,XP_030109601.1,"[('KAG9269662.1', 'RERE')]",821
821,RET,NP_033076.2,"[('KAG9275421.1', 'RET')]",822
822,RETSAT,NP_080435.3,"[('KAG9264220.1', 'RETSAT'), ('KAG9264221.1', 'RETSAT')]",823
823,RFX1,XP_036009732.1,"[('KAG9264327.1', 'RFX1')]",824
824,RFX3,XP_017173576.1,"[('KAG9263053.1', 'RFX3')]",825
825,RFX4,NP_001020089.1,"[('KAG9273101.1', 'RFX4')]",826
826,RFX5,NP_001342634.1,"[('KAG9279512.1', 'RFX5')]",827
827,RFXANK,NP_001020760.1,"[('KAG9266596.1', 'RFXANK')]",828
828,RFXAP,NP_573494.1,"[('KAG9263708.1', 'RFXAP')]",829
829,RGS16,NP_035397.2,"[('KAG9273755.1', 'RGS16'), ('KAG9277265.1', 'RGS16')]",830
830,RGS4,NP_033088.2,"[('KAG9277267.1', 'RGS4')]",831
831,RHOA,NP_058082.2,"[('KAG9260699.1', 'RHOA'), ('KAG9270177.1', 'RHOAA'), ('KAG9270836.1', 'RHOAD'), ('KAG9270900.1', 'RHOAB'), ('KAG9277032.1', 'RHOAD')]",832
832,RIF1,NP_001342343.1,"[('KAG9271430.1', 'RIF1')]",833
833,RLF,NP_001333589.1,"[('KAG9268347.1', 'RLF')]",834
834,RLIM,NP_001345134.1,"[('KAG9271889.1', 'RNF12-B')]",835
835,RND3,NP_083086.1,"[('KAG9261048.1', 'RND3'), ('KAG9271248.1', 'RND3')]",836
836,RNF11,NP_038904.1,"[('KAG9270860.1', 'RNF11'), ('KAG9274608.1', 'RNF11')]",837
837,RNF2,NP_001347774.1,"[('KAG9264773.1', 'RNF2')]",838
838,RORA,NP_038674.1,"[('KAG9280992.1', 'RORAA')]",839
839,RPS6KA1,NP_001272434.1,"[('KAG9268360.1', 'RPS6KA')]",840
840,RS1,XP_030107130.1,"[('KAG9261034.1', 'XLRS1')]",841
841,RUNX1T1,NP_001104496.1,"[('KAG9279690.1', 'RUNX1T1')]",842
842,RUNX3,NP_062706.2,"[('KAG9274859.1', 'RUNX3')]",843
843,RXRA,NP_035435.1,"[('KAG9261895.1', 'RXRAA'), ('KAG9266292.1', 'RXRAA')]",844
844,S1PR1,NP_031927.2,"[('KAG9266643.1', 'S1PR1')]",845
845,SALL1,NP_067365.2,"[('KAG9260924.1', 'SALL1')]",846
846,SAMD7,XP_017175280.1,"[('KAG9273923.1', 'SAMD7')]",847
847,SATB2,NP_001345509.1,"[('KAG9271051.1', 'SATB2')]",848
848,SCD1,NP_033153.2,"[('KAG9275361.1', 'KAG9275361.1')]",849
849,SELENOW,NP_033182.1,"[('KAG9282069.1', 'SELENOW')]",850
850,SEMA3C,NP_038685.3,"[('KAG9280478.1', 'SEMA3C')]",851
851,SERPINE1,NP_032897.2,"[('KAG9274257.1', 'SERPINE1')]",852
852,SERPINE2,XP_006496522.1,"[('KAG9264800.1', 'SERPINE2')]",853
853,SERPINH1,NP_033955.2,"[('KAG9264894.1', 'SERPINH1')]",854
854,SESN1,NP_001156380.1,"[('KAG9282498.1', 'SESN1')]",855
855,SETD7,NP_542983.3,"[('KAG9272260.1', 'SETD7')]",856
856,SETDB1,XP_036019318.1,"[('KAG9275857.1', 'SETDB1B')]",857
857,SFRP1,NP_038862.2,"[('KAG9261458.1', 'SFRP1'), ('KAG9275320.1', 'SFRP5')]",858
858,SFRP2,NP_033170.1,"[('KAG9259978.1', 'SFRP2')]",859
859,SFTPB,NP_680088.1,"[('KAG9261376.1', 'PSAP')]",860
860,SGK1,NP_001155317.2,"[('KAG9269795.1', 'SGK1')]",861
861,SH3BP2,NP_001139330.1,"[('KAG9263449.1', 'SH3BP2')]",862
862,SHC1,NP_001106802.1,"[('KAG9275877.1', 'SHC1')]",863
863,SHH,NP_033196.1,"[('KAG9273628.1', 'SHHA'), ('KAG9278398.1', 'SHHB')]",864
864,SHOX2,NP_001289286.1,"[('KAG9278537.1', 'SHOX2')]",865
865,SHROOM3,NP_056571.2,"[('KAG9266047.1', 'SHROOM3')]",866
866,SIAH1B,NP_033199.1,"[('KAG9273168.1', 'SIAH1')]",867
867,SIM1,XP_006512689.1,"[('KAG9276472.1', 'KAG9276472.1')]",868
868,SIN3A,NP_001103820.1,"[('KAG9280709.1', 'SIN3A')]",869
869,SIN3B,NP_033214.2,"[('KAG9270180.1', 'SIN3B')]",870
870,SIRT6,NP_001365873.1,"[('KAG9278622.1', 'SIRT6')]",871
871,SIS,NP_001074606.1,"[('KAG9272875.1', 'MGAM')]",872
872,SKIL,NP_001385489.1,"[('KAG9273920.1', 'SKIL')]",873
873,SLA2,NP_084259.1,"[('KAG9269489.1', 'SLA2')]",874
874,SLC10A2,NP_035518.1,"[('KAG9271177.1', 'SLC10A2')]",875
875,SLC12A3,XP_017168114.1,"[('KAG9273155.1', 'SLC12A3')]",876
876,SLC12A5,NP_001342409.1,"[('KAG9270343.1', 'SLC12A5'), ('KAG9276947.1', 'SLC12A5')]",877
877,SLC18A2,NP_766111.1,"[('KAG9268343.1', 'SLC18A2')]",878
878,SLC19A2,NP_473428.1,"[('KAG9277916.1', 'SLC19A2')]",879
879,SLC1A2,NP_001070982.1,"[('KAG9281077.1', 'SLC1A2')]",880
880,SLC20A1,XP_036015794.1,"[('KAG9263337.1', 'SLC20A1B')]",881
881,SLC25A20,NP_065266.1,"[('KAG9269844.1', 'SLC25A20')]",882
882,SLC25A4,NP_031476.3,"[('KAG9259683.1', 'SLC25A4'), ('KAG9271108.1', 'SLC25A5'), ('KAG9272679.1', 'SLC25A5'), ('KAG9281584.1', 'SLC25A5')]",883
883,SLC27A1,XP_030099434.1,"[('KAG9262833.1', 'SLC27A1'), ('KAG9279013.1', 'SLC27A1')]",884
884,SLC2A1,NP_035530.2,"[('KAG9269655.1', 'SLC2A1'), ('KAG9277025.1', 'SLC2A1')]",885
885,SLC2A2,NP_112474.2,"[('KAG9264708.1', 'SLC2A2')]",886
886,SLC39A10,XP_006495995.1,"[('KAG9271273.1', 'SLC39A10')]",887
887,SLC40A1,XP_017177198.1,"[('KAG9271716.1', 'SLC40A1')]",888
888,SLC5A1,NP_062784.3,"[('KAG9263321.1', 'SLC5A1'), ('KAG9263322.1', 'SLC5A1')]",889
889,SLC5A2,NP_573517.1,"[('KAG9264863.1', 'SLC5A2')]",890
890,SLC6A6,XP_030111164.1,"[('KAG9270043.1', 'SLC6A6')]",891
891,SLC7A1,NP_031539.3,"[('KAG9263572.1', 'SLC7A1'), ('KAG9265007.1', 'SLC7A1')]",892
892,SLC7A5,NP_035534.2,"[('KAG9272043.1', 'SLC7A5')]",893
893,SLC9A2,NP_001028461.2,"[('KAG9271331.1', 'SLC9A2')]",894
894,SMAD1,NP_032565.2,"[('KAG9272517.1', 'KAG9272517.1'), ('KAG9275693.1', 'KAG9275693.1')]",895
895,SMAD3,NP_058049.3,"[('KAG9260855.1', 'KAG9260855.1'), ('KAG9273192.1', 'KAG9273192.1')]",896
896,SMAD6,NP_032568.3,"[('KAG9273191.1', 'KAG9273191.1')]",897
897,SMAD9,XP_036019060.1,"[('KAG9263709.1', 'KAG9263709.1')]",898
898,SMARCA2,NP_001392063.1,"[('KAG9261732.1', 'SMARCA2')]",899
899,SMARCA4,XP_011240739.1,"[('KAG9264330.1', 'SMARCA4'), ('KAG9277505.1', 'SMARCA4')]",900
900,SMARCA5,NP_444354.2,"[('KAG9275685.1', 'SMARCA5')]",901
901,SMARCC1,NP_033237.2,"[('KAG9259545.1', 'SMARCC1'), ('KAG9283877.1', 'SMARCC1')]",902
902,SMARCD3,XP_006535861.2,"[('KAG9273949.1', 'SMARCD3')]",903
903,SMC3,NP_031816.2,"[('KAG9261141.1', 'SMC3')]",904
904,SMYD1,NP_033892.2,"[('KAG9270644.1', 'SMYD1')]",905
905,SNAI1,NP_035557.1,"[('KAG9269893.1', 'KAG9269893.1')]",906
906,SNRPN,NP_001336624.1,"[('KAG9276959.1', 'SNRPB')]",907
907,SOCS2,XP_017169385.1,"[('KAG9280665.1', 'SOCS2')]",908
908,SOD3,NP_035565.1,"[('KAG9275731.1', 'SOD3')]",909
909,SORT1,XP_006501286.3,"[('KAG9270775.1', 'SORT1')]",910
910,SOX14,NP_035570.1,"[('KAG9277769.1', 'SOX14')]",911
911,SOX18,NP_033262.2,"[('KAG9269493.1', 'SOX18')]",912
912,SOX2,NP_035573.3,"[('KAG9266914.1', 'SOX2')]",913
913,SOX6,XP_036008736.1,"[('KAG9267169.1', 'SOX6')]",914
914,SP3,NP_001018052.1,"[('KAG9271460.1', 'SP3')]",915
915,SP5,NP_071880.1,"[('KAG9271443.1', 'SP5')]",916
916,SP9,NP_001396512.1,"[('KAG9271461.1', 'SP9')]",917
917,SPEN,XP_036020160.1,"[('KAG9269685.1', 'SPEN')]",918
918,SPHK2,XP_036009169.1,"[('KAG9276358.1', 'SPHK2')]",919
919,SPI1,NP_001365827.1,"[('KAG9260881.1', 'SPI1')]",920
920,SPRY1,NP_036026.1,"[('KAG9263770.1', 'KAG9263770.1')]",921
921,SRC,XP_030104859.1,"[('KAG9269122.1', 'SRC')]",922
922,SRXN1,XP_036018567.1,"[('KAG9270878.1', 'SRXN1')]",923
923,SSB,NP_001103615.1,"[('KAG9277822.1', 'SSB')]",924
924,ST18,XP_030109821.1,"[('KAG9275786.1', 'ST18')]",925
925,ST3GAL5,NP_001397280.1,"[('KAG9272769.1', 'ST3GAL5')]",926
926,ST8SIA1,NP_035504.2,"[('KAG9280440.1', 'ST8SIA1')]",927
927,ST8SIA2,NP_001404191.1,"[('KAG9273270.1', 'ST8SIA2')]",928
928,STAR,NP_035615.2,"[('KAG9270548.1', 'STAR')]",929
929,STARD5,NP_075866.2,"[('KAG9266541.1', 'STARD5')]",930
930,STAT1,NP_001192242.1,"[('KAG9261109.1', 'STAT1')]",931
931,STK39,NP_001399474.1,"[('KAG9271508.1', 'STK39')]",932
932,STK40,NP_001139299.1,"[('KAG9276437.1', 'STK40')]",933
933,STMN1,NP_062615.1,"[('KAG9276420.1', 'STMN1'), ('KAG9279285.1', 'KAG9279285.1')]",934
934,STRA8,NP_033318.1,"[('KAG9280392.1', 'STRA8')]",935
935,SUFU,NP_056567.2,"[('KAG9275156.1', 'KAG9275156.1')]",936
936,SUV39H1,NP_035644.1,"[('KAG9270797.1', 'SUV39H1')]",937
937,SYN2,NP_001104485.1,"[('KAG9260362.1', 'SYN2'), ('KAG9269850.1', 'SYN2')]",938
938,SYP,NP_033331.2,"[('KAG9270361.1', 'SYP'), ('KAG9270710.1', 'SYP')]",939
939,SYT1,NP_001345435.1,"[('KAG9280494.1', 'SYT1')]",940
940,TAF12,XP_036020207.1,"[('KAG9276428.1', 'TAF12')]",941
941,TAGLN,NP_035656.1,"[('KAG9278491.1', 'TAGLN'), ('KAG9282140.1', 'TAGLN3')]",942
942,TAL1,NP_001412715.1,"[('KAG9266623.1', 'TAL1')]",943
943,TAL2,NP_033343.1,"[('KAG9261595.1', 'TAL2')]",944
944,TANK,NP_035659.1,"[('KAG9271515.1', 'TANK')]",945
945,TBR1,NP_033348.2,"[('KAG9271516.1', 'TBR1')]",946
946,TBX15,NP_033349.2,"[('KAG9271363.1', 'TBX15')]",947
947,TBX18,NP_076303.3,"[('KAG9269782.1', 'TBX18')]",948
948,TBX19,NP_114394.1,"[('KAG9277554.1', 'TBX19')]",949
949,TBX20,NP_919239.1,"[('KAG9259560.1', 'TBX20'), ('KAG9283893.1', 'TBX20')]",950
950,TBX3,NP_035665.2,"[('KAG9281885.1', 'TBX3')]",951
951,TBX5,XP_006530342.1,"[('KAG9281886.1', 'TBX5A')]",952
952,TCF21,NP_035675.1,"[('KAG9269792.1', 'TCF21')]",953
953,TCF7L2,XP_006526923.1,"[('KAG9267884.1', 'TCF7L2')]",954
954,TCFL5,NP_839985.2,"[('KAG9269900.1', 'TCFL5')]",955
955,TDO2,NP_064295.2,"[('KAG9266464.1', 'TDO2B'), ('KAG9272349.1', 'TDO2A')]",956
956,TEC,NP_001106932.1,"[('KAG9269412.1', 'TEC')]",957
957,TEK,NP_038718.2,"[('KAG9281652.1', 'TIE2')]",958
958,TESC,NP_067319.2,"[('KAG9281812.1', 'TESC')]",959
959,TET2,XP_006501350.1,"[('KAG9275768.1', 'TET2')]",960
960,TFAM,XP_017169407.1,"[('KAG9267303.1', 'TFAM')]",961
961,TFAP2B,XP_006495557.1,"[('KAG9282341.1', 'TFAP2B')]",962
962,TFDP1,XP_017168146.1,"[('KAG9271114.1', 'TFDP1')]",963
963,TFE3,NP_766060.2,"[('KAG9270057.1', 'MITF')]",964
964,TGFB1,NP_035707.1,"[('KAG9265568.1', 'TGFB1'), ('KAG9278551.1', 'TGFB1')]",965
965,TGFB1I1,XP_036008777.1,"[('KAG9267263.1', 'TGFB1I1')]",966
966,TGFB2,NP_033393.2,"[('KAG9276393.1', 'TGFB2')]",967
967,TGFBR2,NP_083851.3,"[('KAG9276378.1', 'TGFBR2')]",968
968,TH,NP_033403.1,"[('KAG9281130.1', 'TH')]",969
969,THBD,NP_033404.1,"[('KAG9282552.1', 'THBD')]",970
970,THBS1,NP_035710.2,"[('KAG9268175.1', 'THBS1'), ('KAG9282952.1', 'THBS1')]",971
971,THRAP3,NP_001343384.1,"[('KAG9276434.1', 'THRAP3')]",972
972,THY1,NP_033408.1,"[('KAG9265599.1', 'THY1')]",973
973,TIAL1,NP_001334569.1,"[('KAG9275426.1', 'TIAL1')]",974
974,TIMP3,NP_035725.1,"[('KAG9280582.1', 'TIMP3')]",975
975,TINAGL1,NP_075965.2,"[('KAG9279814.1', 'TINAGL1')]",976
976,TJP1,XP_006540849.1,"[('KAG9260940.1', 'TJP1'), ('KAG9280974.1', 'TJP1')]",977
977,TLE3,NP_001077396.1,"[('KAG9260860.1', 'TLE3B'), ('KAG9273201.1', 'TLE3A')]",978
978,TLL1,NP_033416.2,"[('KAG9259816.1', 'TLL1')]",979
979,TLR2,XP_030108471.1,"[('KAG9262273.1', 'TLR2-2'), ('KAG9262274.1', 'TLR2-2')]",980
980,TLR3,NP_001344245.1,"[('KAG9259676.1', 'TLR3')]",981
981,TLR4,NP_067272.1,"[('KAG9275236.1', 'TLR4'), ('KAG9275237.1', 'TLR4')]",982
982,TLX1,XP_006526978.1,"[('KAG9272568.1', 'TLX3'), ('KAG9275394.1', 'TLX1')]",983
983,TLX2,NP_033418.1,"[('KAG9272568.1', 'TLX3')]",984
984,TMEM50A,NP_001406138.1,"[('KAG9274861.1', 'TMEM50A')]",985
985,TNFAIP3,NP_001159874.1,"[('KAG9275059.1', 'TNFAIP3')]",986
986,TNFRSF18,NP_033426.1,"[('KAG9276885.1', 'TNFRSF18')]",987
987,TNFSF10,NP_033451.1,"[('KAG9283461.1', 'TNFSF10')]",988
988,TNFSF13B,NP_296371.1,"[('KAG9271156.1', 'TNFSF13B')]",989
989,TNS1,NP_001276824.1,"[('KAG9271645.1', 'TNS')]",990
990,TOLLIP,NP_076253.1,"[('KAG9266487.1', 'TOLLIP')]",991
991,TPH1,XP_036008805.1,"[('KAG9280804.1', 'TPH')]",992
992,TPH2,NP_775567.2,"[('KAG9259371.1', 'TPH2'), ('KAG9273140.1', 'TPH2')]",993
993,TPR,NP_598541.3,"[('KAG9264781.1', 'TPR'), ('KAG9282612.1', 'TPR')]",994
994,TRF,NP_598738.1,"[('KAG9278863.1', 'TF2')]",995
995,TRIM32,XP_030109625.1,"[('KAG9281616.1', 'TRIM32')]",996
996,TRP53BP1,XP_036018161.1,"[('KAG9261303.1', 'TP53BP1')]",997
997,TRP53INP1,NP_068697.1,"[('KAG9276138.1', 'TP53INP1')]",998
998,TRP73,XP_006538783.2,"[('KAG9270332.1', 'TP73')]",999
999,TRPM1,NP_001034193.2,"[('KAG9267203.1', 'TRPM1'), ('KAG9281001.1', 'TRPM1')]",1000
1000,TRRAP,XP_006504844.1,"[('KAG9267683.1', 'TRRAP')]",1001
1001,TSC1,XP_006498283.1,"[('KAG9266287.1', 'TSC1')]",1002
1002,TSC22D3,NP_001070832.1,"[('KAG9272533.1', 'TSC22D3')]",1003
1003,TSHB,XP_017175024.1,"[('KAG9277040.1', 'TSHB')]",1004
1004,TTF2,XP_036019253.1,"[('KAG9271375.1', 'TTF2')]",1005
1005,TWIST2,NP_031881.1,"[('KAG9271636.1', 'TWIST2')]",1006
1006,TXLNG,NP_001277705.1,"[('KAG9266682.1', 'TXLNG')]",1007
1007,TXNIP,NP_001009935.1,"[('KAG9279544.1', 'TXNIP')]",1008
1008,TYMS,NP_067263.1,"[('KAG9274070.1', 'TYMS')]",1009
1009,TYR,NP_035791.1,"[('KAG9263668.1', 'TYR'), ('KAG9265280.1', 'TYR')]",1010
1010,TYROBP,NP_035792.1,"[('KAG9275936.1', 'TYROBP')]",1011
1011,TYRP1,XP_006537844.1,"[('KAG9259950.1', 'TYRP1')]",1012
1012,UBE2K,NP_058066.2,"[('KAG9259930.1', 'UBE2K'), ('KAG9263778.1', 'UBE2K')]",1013
1013,UCP2,NP_035801.3,"[('KAG9263071.1', 'UCP2'), ('KAG9263072.1', 'UCP2')]",1014
1014,UCP3,NP_033490.1,"[('KAG9275680.1', 'UCP2')]",1015
1015,UGT1A6A,NP_659545.2,"[('KAG9271745.1', 'UGT1A5')]",1016
1016,UNC5B,NP_001346202.1,"[('KAG9275375.1', 'UNC5B-B')]",1017
1017,UNCX,NP_038730.1,"[('KAG9279973.1', 'KAG9279973.1')]",1018
1018,UNG,NP_001035781.1,"[('KAG9261399.1', 'UNG')]",1019
1019,UPF3B,NP_080849.1,"[('KAG9272695.1', 'UPF3B')]",1020
1020,UPP1,NP_033503.2,"[('KAG9276064.1', 'UPP1')]",1021
1021,USF1,XP_030108912.1,"[('KAG9265126.1', 'USF1')]",1022
1022,USP17LA,NP_031913.1,"[('KAG9264049.1', 'USP42'), ('KAG9276804.1', 'USP42'), ('KAG9278413.1', 'USP42'), ('KAG9278423.1', 'USP42')]",1023
1023,USP17LE,XP_011240180.1,"[('KAG9264049.1', 'USP42'), ('KAG9276804.1', 'USP42'), ('KAG9278413.1', 'USP42'), ('KAG9278423.1', 'USP42')]",1024
1024,USP18,NP_036039.2,"[('KAG9280560.1', 'USP18')]",1025
1025,UTRN,NP_035812.3,"[('KAG9269236.1', 'UTRN')]",1026
1026,VAV3,NP_001365916.1,"[('KAG9276798.1', 'VAV3')]",1027
1027,VAX2,NP_036042.1,"[('KAG9274535.1', 'VAX2')]",1028
1028,VEGFC,NP_033532.1,"[('KAG9275723.1', 'VEGFC')]",1029
1029,VEGFD,NP_034346.1,"[('KAG9261022.1', 'VEGFD')]",1030
1030,VHL,NP_033533.1,"[('KAG9277168.1', 'VHL')]",1031
1031,VIM,NP_035831.2,"[('KAG9276490.1', 'VIM')]",1032
1032,VSX1,NP_473409.1,"[('KAG9259473.1', 'VSX1'), ('KAG9268431.1', 'VSX1')]",1033
1033,VWF,NP_035838.3,"[('KAG9272994.1', 'VWF')]",1034
1034,WBP1,NP_001077392.1,"[('KAG9259459.1', 'WBP1'), ('KAG9281880.1', 'WBP1')]",1035
1035,WEE1,NP_033542.2,"[('KAG9273133.1', 'WEE1-B')]",1036
1036,WNT10A,NP_033544.1,"[('KAG9271791.1', 'WNT10A')]",1037
1037,WNT11,NP_001272721.1,"[('KAG9263186.1', 'WNT11')]",1038
1038,WNT4,NP_033549.1,"[('KAG9260261.1', 'WNT4A')]",1039
1039,WNT7A,NP_033553.2,"[('KAG9269862.1', 'WNT7A')]",1040
1040,WNT8B,NP_035850.3,"[('KAG9275362.1', 'WNT8B')]",1041
1041,WT1,NP_659032.3,"[('KAG9271989.1', 'WT1-A')]",1042
1042,WWP1,NP_796301.2,"[('KAG9276719.1', 'WWP1')]",1043
1043,WWTR1,NP_001161753.1,"[('KAG9266413.1', 'WWTR1')]",1044
1044,XIAP,XP_011249278.1,"[('KAG9272543.1', 'XIAP')]",1045
1045,XPC,NP_033557.2,"[('KAG9270905.1', 'XPC')]",1046
1046,XRCC1,NP_033558.3,"[('KAG9283919.1', 'XRCC1')]",1047
1047,XRCC5,XP_006495955.1,"[('KAG9271653.1', 'XRCC5')]",1048
1048,YAP1,NP_033560.1,"[('KAG9272827.1', 'YAP1')]",1049
1049,ZBTB16,NP_001351472.1,"[('KAG9265632.1', 'ZBTB16A')]",1050
1050,ZBTB17,NP_001365755.1,"[('KAG9269680.1', 'ZBTB17')]",1051
1051,ZBTB18,NP_001342027.1,"[('KAG9275144.1', 'ZBTB18')]",1052
1052,ZBTB2,NP_001346740.1,"[('KAG9283010.1', 'ZBTB2')]",1053
1053,ZBTB33,NP_001072981.1,"[('KAG9272698.1', 'ZBTB33')]",1054
1054,ZBTB38,XP_006511252.1,"[('KAG9272914.1', 'ZBTB38')]",1055
1055,ZBTB7A,NP_034861.3,"[('KAG9266866.1', 'ZBTB7A')]",1056
1056,ZBTB7B,NP_001342140.1,"[('KAG9276285.1', 'ZBTB7B')]",1057
1057,ZEB2,NP_001342220.1,"[('KAG9277544.1', 'ZEB2')]",1058
1058,ZFP143,NP_001361547.1,"[('KAG9273134.1', 'ZNF143')]",1059
1059,ZFP281,NP_001153723.1,"[('KAG9267724.1', 'ZNF281')]",1060
1060,ZFP335,NP_950192.2,"[('KAG9270761.1', 'ZNF335')]",1061
1061,ZFP36,NP_035886.1,"[('KAG9264848.1', 'ZFP36')]",1062
1062,ZFP423,XP_030099736.1,"[('KAG9273163.1', 'ZNF423')]",1063
1063,ZHX3,NP_796237.2,"[('KAG9269886.1', 'ZHX3')]",1064
1064,ZIC1,NP_001363870.1,"[('KAG9276754.1', 'ZIC1')]",1065
1065,ZIC3,NP_033601.2,"[('KAG9272666.1', 'ZIC3')]",1066
